DATE,FOREX,GO,FO CNY,FO,GO_FO spread
Apr-01-2015,6.13,664.5,3220,525.2854812,139.2145188
Apr-02-2015,6.13,651.75,3263,532.3001631,119.4498369
Apr-03-2015,6.13,651.75,3212,523.9804241,127.7695759
Apr-04-2015,6.13,651.75,3212,523.9804241,127.7695759
Apr-05-2015,6.13,651.75,3212,523.9804241,127.7695759
Apr-06-2015,6.13,665.25,3212,523.9804241,141.2695759
Apr-07-2015,6.12,655.5,3271,534.4771242,121.0228758
Apr-08-2015,6.13,650,3328,542.903752,107.096248
Apr-09-2015,6.13,654,3283,535.5628059,118.4371941
Apr-10-2015,6.13,659,3256,531.1582382,127.8417618
Apr-11-2015,6.13,659,3256,531.1582382,127.8417618
Apr-12-2015,6.14,659,3256,530.2931596,128.7068404
Apr-13-2015,6.14,659,3283,534.6905537,124.3094463
Apr-14-2015,6.15,661.25,3269,531.5447154,129.7052846
Apr-15-2015,6.15,662.75,3264,530.7317073,132.0182927
Apr-16-2015,6.14,669.5,3299,537.2964169,132.2035831
Apr-17-2015,6.13,671.75,3354,547.1451876,124.6048124
Apr-18-2015,6.13,671.75,3354,547.1451876,124.6048124
Apr-19-2015,6.13,671.75,3354,547.1451876,124.6048124
Apr-20-2015,6.13,669,3341,545.0244698,123.9755302
Apr-21-2015,6.13,668.75,3343,545.3507341,123.3992659
Apr-22-2015,6.13,672,3339,544.6982055,127.3017945
Apr-23-2015,6.13,679.5,3342,545.187602,134.312398
Apr-24-2015,6.14,679.5,3355,546.4169381,133.0830619
Apr-25-2015,6.14,679.5,3355,546.4169381,133.0830619
Apr-26-2015,6.14,679.5,3355,546.4169381,133.0830619
Apr-27-2015,6.13,676.5,3376,550.7340946,125.7659054
Apr-28-2015,6.14,674,3456,562.8664495,111.1335505
Apr-29-2015,6.14,680,3423,557.4918567,122.5081433
Apr-30-2015,6.14,678.5,3465,564.3322476,114.1677524
May-01-2015,6.14,676,3465,564.3322476,111.6677524
May-02-2015,6.14,676,3465,564.3322476,111.6677524
May-03-2015,6.14,676,3465,564.3322476,111.6677524
May-04-2015,6.13,680.5,3529,575.6933116,104.8066884
May-05-2015,6.13,688.5,3665,597.8792822,90.6207178
May-06-2015,6.13,687.5,3736,609.4616639,78.0383361
May-07-2015,6.13,679.75,3572,582.7079935,97.0420065
May-08-2015,6.13,678,3318,541.2724307,136.7275693
May-09-2015,6.13,678,3318,541.2724307,136.7275693
May-10-2015,6.13,678,3318,541.2724307,136.7275693
May-11-2015,6.12,673.75,3400,555.5555556,118.1944444
May-12-2015,6.12,683.75,3344,546.4052288,137.3447712
May-13-2015,6.12,685.5,3380,552.2875817,133.2124183
May-14-2015,6.12,685.75,3320,542.4836601,143.2663399
May-15-2015,6.12,682.75,3245,530.2287582,152.5212418
May-16-2015,6.12,682.75,3245,530.2287582,152.5212418
May-17-2015,6.12,682.75,3245,530.2287582,152.5212418
May-18-2015,6.12,682,3197,522.3856209,159.6143791
May-19-2015,6.11,674.25,3113,509.492635,164.757365
May-20-2015,6.11,672.5,3037,497.0540098,175.4459902
May-21-2015,6.12,680,3008,491.503268,188.496732
May-22-2015,6.12,673.75,2873,469.4444444,204.3055556
May-23-2015,6.12,673.75,2873,469.4444444,204.3055556
May-24-2015,6.12,673.75,2873,469.4444444,204.3055556
May-25-2015,6.12,678.75,2797,457.0261438,221.7238562
May-26-2015,6.12,666.5,2881,470.751634,195.748366
May-27-2015,6.12,663.25,3111,508.3333333,154.9166667
May-28-2015,6.12,661.5,3100,506.5359477,154.9640523
May-29-2015,6.12,672.25,3312,541.1764706,131.0735294
May-30-2015,6.12,672.25,3312,541.1764706,131.0735294
May-31-2015,6.12,672.25,3312,541.1764706,131.0735294
Jun-01-2015,6.12,671.25,3378,551.9607843,119.2892157
Jun-02-2015,6.12,675.75,3399,555.3921569,120.3578431
Jun-03-2015,6.12,671.25,3390,553.9215686,117.3284314
Jun-04-2015,6.12,661.75,3301,539.379085,122.370915
Jun-05-2015,6.12,662.25,3316,541.8300654,120.4199346
Jun-06-2015,6.12,662.25,3316,541.8300654,120.4199346
Jun-07-2015,6.12,662.25,3316,541.8300654,120.4199346
Jun-08-2015,6.12,666.5,3316,541.8300654,124.6699346
Jun-09-2015,6.12,676.75,3287,537.0915033,139.6584967
Jun-10-2015,6.12,679,3307,540.3594771,138.6405229
Jun-11-2015,6.12,677,3307,540.3594771,136.6405229
Jun-12-2015,6.12,672.5,3307,540.3594771,132.1405229
Jun-13-2015,6.12,672.5,3307,540.3594771,132.1405229
Jun-14-2015,6.12,672.5,3307,540.3594771,132.1405229
Jun-15-2015,6.12,669.5,3310,540.8496732,128.6503268
Jun-16-2015,6.12,670.25,3274,534.9673203,135.2826797
Jun-17-2015,6.12,674.25,3279,535.7843137,138.4656863
Jun-18-2015,6.12,677,3197,522.3856209,154.6143791
Jun-19-2015,6.12,665.75,3222,526.4705882,139.2794118
Jun-20-2015,6.12,665.75,3222,526.4705882,139.2794118
Jun-21-2015,6.12,665.75,3222,526.4705882,139.2794118
Jun-22-2015,6.12,668.5,3222,526.4705882,142.0294118
Jun-23-2015,6.12,676.75,3133,511.9281046,164.8218954
Jun-24-2015,6.12,675.25,3147,514.2156863,161.0343137
Jun-25-2015,6.12,665.75,3056,499.3464052,166.4035948
Jun-26-2015,6.12,668.75,2946,481.372549,187.377451
Jun-27-2015,6.12,668.75,2946,481.372549,187.377451
Jun-28-2015,6.12,668.75,2946,481.372549,187.377451
Jun-29-2015,6.1,663.75,2910,477.0491803,186.7008197
Jun-30-2015,6.1,668.25,2910,477.0491803,191.2008197
Jul-01-2015,6.1,663.25,2813,461.147541,202.102459
Jul-02-2015,6.1,666.5,2790,457.3770492,209.1229508
Jul-03-2015,6.09,652.5,2730,448.2758621,204.2241379
Jul-04-2015,6.09,652.5,2730,448.2758621,204.2241379
Jul-05-2015,6.08,652.5,2730,449.0131579,203.4868421
Jul-06-2015,6.08,638.25,2621,431.0855263,207.1644737
Jul-07-2015,6.08,622.75,2627,432.0723684,190.6776316
Jul-08-2015,6.09,629,2519,413.6288998,215.3711002
Jul-09-2015,6.09,639.75,2494,409.5238095,230.2261905
Jul-10-2015,6.09,639.75,2524,414.4499179,225.3000821
Jul-11-2015,6.09,639.75,2524,414.4499179,225.3000821
Jul-12-2015,6.1,639.75,2524,413.7704918,225.9795082
Jul-13-2015,6.1,645.5,2489,408.0327869,237.4672131
Jul-14-2015,6.1,642,2453,402.1311475,239.8688525
Jul-15-2015,6.09,638.75,2453,402.7914614,235.9585386
Jul-16-2015,6.09,637.25,2490,408.8669951,228.3830049
Jul-17-2015,6.09,630,2517,413.3004926,216.6995074
Jul-18-2015,6.09,630,2517,413.3004926,216.6995074
Jul-19-2015,6.09,630,2517,413.3004926,216.6995074
Jul-20-2015,6.09,628.25,2440,400.6568144,227.5931856
Jul-21-2015,6.09,632,2393,392.9392447,239.0607553
Jul-22-2015,6.09,634.25,2351,386.0426929,248.2073071
Jul-23-2015,6.09,630.25,2311,379.4745484,250.7754516
Jul-24-2015,6.09,621,2259,370.9359606,250.0640394
Jul-25-2015,6.09,621,2259,370.9359606,250.0640394
Jul-26-2015,6.09,621,2259,370.9359606,250.0640394
Jul-27-2015,6.09,617.75,2242,368.1444992,249.6055008
Jul-28-2015,6.09,621.5,2245,368.63711,252.86289
Jul-29-2015,6.09,623.25,2259,370.9359606,252.3140394
Jul-30-2015,6.09,620.5,2241,367.9802956,252.5197044
Jul-31-2015,6.09,616,2197,360.7553366,255.2446634
Aug-01-2015,6.09,616,2197,360.7553366,255.2446634
Aug-02-2015,6.09,616,2197,360.7553366,255.2446634
Aug-03-2015,6.09,602,2130,349.7536946,252.2463054
Aug-04-2015,6.08,601.25,2097,344.9013158,256.3486842
Aug-05-2015,6.06,600.5,2111,348.349835,252.150165
Aug-06-2015,6.07,594.25,2091,344.4810544,249.7689456
Aug-07-2015,6.07,595.75,2137,352.0593081,243.6906919
Aug-08-2015,6.07,595.75,2137,352.0593081,243.6906919
Aug-09-2015,6.07,595.75,2137,352.0593081,243.6906919
Aug-10-2015,6.07,599.75,2150,354.2009885,245.5490115
Aug-11-2015,6.07,594,2199,362.2734761,231.7265239
Aug-12-2015,6.07,598,2230,367.3805601,230.6194399
Aug-13-2015,6.07,598.75,2239,368.8632619,229.8867381
Aug-14-2015,6.07,598.25,2239,368.8632619,229.3867381
Aug-15-2015,6.07,598.25,2239,368.8632619,229.3867381
Aug-16-2015,6.07,598.25,2239,368.8632619,229.3867381
Aug-17-2015,6.07,600,2154,354.8599671,245.1400329
Aug-18-2015,6.07,596.25,2113,348.1054366,248.1445634
Aug-19-2015,6.06,587,2064,340.5940594,246.4059406
Aug-20-2015,6.05,585.5,2041,337.3553719,248.1446281
Aug-21-2015,6.05,568,2007,331.7355372,236.2644628
Aug-22-2015,6.05,568,2007,331.7355372,236.2644628
Aug-23-2015,6.05,568,2007,331.7355372,236.2644628
Aug-24-2015,6.05,555.25,1919,317.1900826,238.0599174
Aug-25-2015,6.05,557.25,1826,301.8181818,255.4318182
Aug-26-2015,6.05,556.5,1759,290.7438017,265.7561983
Aug-27-2015,6.05,571,1759,290.7438017,280.2561983
Aug-28-2015,6.04,598.75,1759,291.2251656,307.5248344
Aug-29-2015,6.04,598.75,1759,291.2251656,307.5248344
Aug-30-2015,6.05,598.75,1759,290.7438017,308.0061983
Aug-31-2015,6.06,603.25,1918,316.5016502,286.7483498
Sep-01-2015,6.05,597.5,1992,329.2561983,268.2438017
Sep-02-2015,6.05,586.25,1975,326.446281,259.803719
Sep-03-2015,6.05,603,1975,326.446281,276.553719
Sep-04-2015,6.05,591,1975,326.446281,264.553719
Sep-05-2015,6.05,591,1975,326.446281,264.553719
Sep-06-2015,6.05,591,1975,326.446281,264.553719
Sep-07-2015,6.05,579.5,1987,328.4297521,251.0702479
Sep-08-2015,6.06,591,2055,339.1089109,251.8910891
Sep-09-2015,6.06,587.25,2117,349.339934,237.910066
Sep-10-2015,6.06,587.25,2169,357.9207921,229.3292079
Sep-11-2015,6.06,586.75,2172,358.4158416,228.3341584
Sep-12-2015,6.06,586.75,2172,358.4158416,228.3341584
Sep-13-2015,6.06,586.75,2172,358.4158416,228.3341584
Sep-14-2015,6.06,579,2098,346.2046205,232.7953795
Sep-15-2015,6.06,576.25,2158,356.1056106,220.1443894
Sep-16-2015,6.06,589,2085,344.0594059,244.9405941
Sep-17-2015,6.06,581.25,2101,346.69967,234.55033
Sep-18-2015,6.06,575.5,2120,349.8349835,225.6650165
Sep-19-2015,6.06,575.5,2120,349.8349835,225.6650165
Sep-20-2015,6.07,575.5,2120,349.2586491,226.2413509
Sep-21-2015,6.07,580.75,2125,350.0823723,230.6676277
Sep-22-2015,6.08,578.75,2196,361.1842105,217.5657895
Sep-23-2015,6.08,584.75,2225,365.9539474,218.7960526
Sep-24-2015,6.09,578,2209,362.72578,215.27422
Sep-25-2015,6.1,577.75,2276,373.1147541,204.6352459
Sep-26-2015,6.12,577.75,2276,371.8954248,205.8545752
Sep-27-2015,6.12,577.75,2276,371.8954248,205.8545752
Sep-28-2015,6.13,570.75,2389,389.7226754,181.0273246
Sep-29-2015,6.14,574.75,2508,408.4690554,166.2809446
Sep-30-2015,6.15,574.5,2280,370.7317073,203.7682927
Oct-01-2015,6.14,574,2280,371.3355049,202.6644951
Oct-02-2015,6.13,563.25,2280,371.9412724,191.3087276
Oct-03-2015,6.12,563.25,2280,372.5490196,190.7009804
Oct-04-2015,6.13,563.25,2280,371.9412724,191.3087276
Oct-05-2015,6.14,580.5,2280,371.3355049,209.1644951
Oct-06-2015,6.14,589.5,2280,371.3355049,218.1644951
Oct-07-2015,6.14,590.25,2280,371.3355049,218.9144951
Oct-08-2015,6.14,592.5,2390,389.2508143,203.2491857
Oct-09-2015,6.15,590,2447,397.8861789,192.1138211
Oct-10-2015,6.18,590,2447,395.9546926,194.0453074
Oct-11-2015,6.19,590,2447,395.3150242,194.6849758
Oct-12-2015,6.19,587.5,2379,384.3295638,203.1704362
Oct-13-2015,6.23,580.75,2379,381.8619583,198.8880417
Oct-14-2015,6.22,576,2379,382.4758842,193.5241158
Oct-15-2015,6.2,572.25,2437,393.0645161,179.1854839
Oct-16-2015,6.2,577.75,2437,393.0645161,184.6854839
Oct-17-2015,6.21,577.75,2437,392.431562,185.318438
Oct-18-2015,6.21,577.75,2437,392.431562,185.318438
Oct-19-2015,6.21,571.75,2394,385.5072464,186.2427536
Oct-20-2015,6.22,572,2394,384.8874598,187.1125402
Oct-21-2015,6.21,572.25,2394,385.5072464,186.7427536
Oct-22-2015,6.21,571.25,2280,367.1497585,204.1002415
Oct-23-2015,6.21,572.5,2280,367.1497585,205.3502415
Oct-24-2015,6.21,572.5,2280,367.1497585,205.3502415
Oct-25-2015,6.21,572.5,2280,367.1497585,205.3502415
Oct-26-2015,6.2,573,2438,393.2258065,179.7741935
Oct-27-2015,6.2,565.25,2438,393.2258065,172.0241935
Oct-28-2015,6.21,578.5,2439,392.7536232,185.7463768
Oct-29-2015,6.21,577,2438,392.5925926,184.4074074
Oct-30-2015,6.22,578,2438,391.9614148,186.0385852
Oct-31-2015,6.22,578,2438,391.9614148,186.0385852
Nov-01-2015,6.22,578,2438,391.9614148,186.0385852
Nov-02-2015,6.22,576.5,2438,391.9614148,184.5385852
Nov-03-2015,6.22,582.5,2438,391.9614148,190.5385852
Nov-04-2015,6.23,575.5,2438,391.3322632,184.1677368
Nov-05-2015,6.24,575,2438,390.7051282,184.2948718
Nov-06-2015,6.24,570.25,2438,390.7051282,179.5448718
Nov-07-2015,6.25,570.25,2438,390.08,180.17
Nov-08-2015,6.25,570.25,2438,390.08,180.17
Nov-09-2015,6.25,568.5,2438,390.08,178.42
Nov-10-2015,6.26,570,2438,389.456869,180.543131
Nov-11-2015,6.26,562.25,2438,389.456869,172.793131
Nov-12-2015,6.26,556,2438,389.456869,166.543131
Nov-13-2015,6.26,556.25,2438,389.456869,166.793131
Nov-14-2015,6.25,556.25,2438,390.08,166.17
Nov-15-2015,6.23,556.25,2438,391.3322632,164.9177368
Nov-16-2015,6.23,551,2331,374.1573034,176.8426966
Nov-17-2015,6.23,553.75,2331,374.1573034,179.5926966
Nov-18-2015,6.23,551,2331,374.1573034,176.8426966
Nov-19-2015,6.24,550,2331,373.5576923,176.4423077
Nov-20-2015,6.23,547,2272,364.6869984,182.3130016
Nov-21-2015,6.23,547,2272,364.6869984,182.3130016
Nov-22-2015,6.23,547,2272,364.6869984,182.3130016
Nov-23-2015,6.23,553.25,2272,364.6869984,188.5630016
Nov-24-2015,6.24,558.5,2272,364.1025641,194.3974359
Nov-25-2015,6.24,556,2272,364.1025641,191.8974359
Nov-26-2015,6.23,553.75,2272,364.6869984,189.0630016
Nov-27-2015,6.23,551,2272,364.6869984,186.3130016
Nov-28-2015,6.24,551,2272,364.1025641,186.8974359
Nov-29-2015,6.25,551,2272,363.52,187.48
Nov-30-2015,6.25,550.25,2392,382.72,167.53
Dec-01-2015,6.24,541.25,2436,390.3846154,150.8653846
Dec-02-2015,6.25,541.25,2492,398.72,142.53
Dec-03-2015,6.25,543.25,2369,379.04,164.21
Dec-04-2015,6.25,543.75,2454,392.64,151.11
Dec-05-2015,6.25,543.75,2454,392.64,151.11
Dec-06-2015,6.25,543.75,2454,392.64,151.11
Dec-07-2015,6.25,533.75,2458,393.28,140.47
Dec-08-2015,6.24,532,2442,391.3461538,140.6538462
Dec-09-2015,6.22,528.25,2476,398.0707395,130.1792605
Dec-10-2015,6.23,526.5,2477,397.5922953,128.9077047
Dec-11-2015,6.22,522.75,2454,394.5337621,128.2162379
Dec-12-2015,6.21,522.75,2454,395.1690821,127.5809179
Dec-13-2015,6.23,522.75,2454,393.9004815,128.8495185
Dec-14-2015,6.23,517.5,2466,395.8266453,121.6733547
Dec-15-2015,6.23,520.5,2345,376.4044944,144.0955056
Dec-16-2015,6.23,513,2377,381.540931,131.459069
Dec-17-2015,6.22,511.5,2427,390.192926,121.307074
Dec-18-2015,6.23,514.25,2487,399.1974318,115.0525682
Dec-19-2015,6.23,514.25,2487,399.1974318,115.0525682
Dec-20-2015,6.23,514.25,2487,399.1974318,115.0525682
Dec-21-2015,6.22,503.5,2487,399.8392283,103.6607717
Dec-22-2015,6.22,505.75,2523,405.6270096,100.1229904
Dec-23-2015,6.2,504,2507,404.3548387,99.6451613
Dec-24-2015,6.2,509,2578,415.8064516,93.1935484
Dec-25-2015,6.21,509,2578,415.136876,93.863124
Dec-26-2015,6.21,509,2578,415.136876,93.863124
Dec-27-2015,6.2,509,2578,415.8064516,93.1935484
Dec-28-2015,6.2,505,2594,418.3870968,86.6129032
Dec-29-2015,6.2,508.75,2528,407.7419355,101.0080645
Dec-30-2015,6.2,503.5,2577,415.6451613,87.8548387
Dec-31-2015,6.2,501,2530,408.0645161,92.9354839
Jan-01-2016,6.21,501,2530,407.4074074,93.5925926
Jan-02-2016,6.21,501,2530,407.4074074,93.5925926
Jan-03-2016,6.2,501,2530,408.0645161,92.9354839
Jan-04-2016,6.2,503.25,2576,415.483871,87.766129
Jan-05-2016,6.21,500.5,2512,404.5088567,95.9911433
Jan-06-2016,6.21,490.75,2547,410.1449275,80.6050725
Jan-07-2016,6.2,490.5,2545,410.483871,80.016129
Jan-08-2016,6.2,475.75,2452,395.483871,80.266129
Jan-09-2016,6.19,475.75,2452,396.1227787,79.6272213
Jan-10-2016,6.19,475.75,2452,396.1227787,79.6272213
Jan-11-2016,6.19,469,2543,410.8239095,58.1760905
Jan-12-2016,6.18,460,2558,413.9158576,46.0841424
Jan-13-2016,6.17,450.5,2504,405.834684,44.665316
Jan-14-2016,6.17,446.25,2532,410.3727715,35.8772285
Jan-15-2016,6.18,439.75,2483,401.7799353,37.9700647
Jan-16-2016,6.18,439.75,2483,401.7799353,37.9700647
Jan-17-2016,6.17,439.75,2483,402.4311183,37.3188817
Jan-18-2016,6.16,430.5,2499,405.6818182,24.8181818
Jan-19-2016,6.16,425.75,2499,405.6818182,20.0681818
Jan-20-2016,6.16,408.25,2559,415.4220779,-7.1720779
Jan-21-2016,6.15,415.25,2539,412.8455285,2.4044715
Jan-22-2016,6.16,433.5,2503,406.3311688,27.1688312
Jan-23-2016,6.15,433.5,2503,406.9918699,26.5081301
Jan-24-2016,6.16,433.5,2503,406.3311688,27.1688312
Jan-25-2016,6.15,433.75,2551,414.796748,18.953252
Jan-26-2016,6.14,439.75,2564,417.5895765,22.1604235
Jan-27-2016,6.14,446.5,2556,416.286645,30.213355
Jan-28-2016,6.14,455.25,2543,414.1693811,41.0806189
Jan-29-2016,6.15,458.25,2571,418.0487805,40.2012195
Jan-30-2016,6.15,458.25,2571,418.0487805,40.2012195
Jan-31-2016,6.15,458.25,2571,418.0487805,40.2012195
Feb-01-2016,6.15,457.25,2574,418.5365854,38.7134146
Feb-02-2016,6.14,449.25,2574,419.218241,30.031759
Feb-03-2016,6.14,452,2564,417.5895765,34.4104235
Feb-04-2016,6.14,458,2564,417.5895765,40.4104235
Feb-05-2016,6.15,460.5,2597,422.2764228,38.2235772
Feb-06-2016,6.14,460.5,2597,422.9641694,37.5358306
Feb-07-2016,6.14,460.5,2597,422.9641694,37.5358306
Feb-08-2016,6.14,454.25,2597,422.9641694,31.2858306
Feb-09-2016,6.14,444.5,2597,422.9641694,21.5358306
Feb-10-2016,6.14,434.5,2597,422.9641694,11.5358306
Feb-11-2016,6.13,435.75,2597,423.6541599,12.0958401
Feb-12-2016,6.13,453.5,2597,423.6541599,29.8458401
Feb-13-2016,6.13,453.5,2597,423.6541599,29.8458401
Feb-14-2016,6.14,453.5,2597,422.9641694,30.5358306
Feb-15-2016,6.15,456.75,2534,412.0325203,44.7174797
Feb-16-2016,6.14,446.75,2597,422.9641694,23.7858306
Feb-17-2016,6.14,462.5,2520,410.4234528,52.0765472
Feb-18-2016,6.14,460.5,2596,422.8013029,37.6986971
Feb-19-2016,6.14,452.5,2500,407.1661238,45.3338762
Feb-20-2016,6.14,452.5,2500,407.1661238,45.3338762
Feb-21-2016,6.13,452.5,2500,407.8303426,44.6696574
Feb-22-2016,6.14,461.25,2379,387.4592834,73.7907166
Feb-23-2016,6.13,449.5,2497,407.3409462,42.1590538
Feb-24-2016,6.15,447.75,2497,406.0162602,41.7337398
Feb-25-2016,6.14,449,2497,406.6775244,42.3224756
Feb-26-2016,6.14,461,2497,406.6775244,54.3224756
Feb-27-2016,6.14,461,2497,406.6775244,54.3224756
Feb-28-2016,6.14,461,2497,406.6775244,54.3224756
Feb-29-2016,6.14,459.25,2366,385.3420195,73.9079805
Mar-01-2016,6.14,458.75,2249,366.286645,92.463355
Mar-02-2016,6.14,459.75,2361,384.5276873,75.2223127
Mar-03-2016,6.13,456,2244,366.0685155,89.9314845
Mar-04-2016,6.13,460,2247,366.5579119,93.4420881
Mar-05-2016,6.13,460,2247,366.5579119,93.4420881
Mar-06-2016,6.12,460,2247,367.1568627,92.8431373
Mar-07-2016,6.12,468.75,2151,351.4705882,117.2794118
Mar-08-2016,6.12,472.75,2117,345.9150327,126.8349673
Mar-09-2016,6.12,475.25,2117,345.9150327,129.3349673
Mar-10-2016,6.12,469.25,2117,345.9150327,123.3349673
Mar-11-2016,6.12,474,2013,328.9215686,145.0784314
Mar-12-2016,6.12,474,2013,328.9215686,145.0784314
Mar-13-2016,6.12,474,2013,328.9215686,145.0784314
Mar-14-2016,6.12,468.75,2113,345.2614379,123.4885621
Mar-15-2016,6.11,465.25,2218,363.0114566,102.2385434
Mar-16-2016,6.11,473.5,2110,345.3355155,128.1644845
Mar-17-2016,6.11,478.5,2215,362.5204583,115.9795417
Mar-18-2016,6.11,477,2110,345.3355155,131.6644845
Mar-19-2016,6.12,477,2110,344.7712418,132.2287582
Mar-20-2016,6.12,477,2110,344.7712418,132.2287582
Mar-21-2016,6.11,479.25,2110,345.3355155,133.9144845
Mar-22-2016,6.11,483.25,2215,362.5204583,120.7295417
Mar-23-2016,6.12,480,2059,336.4379085,143.5620915
Mar-24-2016,6.12,477,2161,353.1045752,123.8954248
Mar-25-2016,6.13,477,2269,370.1468189,106.8531811
Mar-26-2016,6.12,477,2269,370.751634,106.248366
Mar-27-2016,6.13,477,2269,370.1468189,106.8531811
Mar-28-2016,6.12,474.5,2180,356.2091503,118.2908497
Mar-29-2016,6.12,467.5,2289,374.0196078,93.4803922
Mar-30-2016,6.12,476.5,2263,369.7712418,106.7287582
Mar-31-2016,6.12,480.5,2350,383.9869281,96.5130719
Apr-01-2016,6.12,466,2395,391.3398693,74.6601307
Apr-02-2016,6.14,466,2395,390.0651466,75.9348534
Apr-03-2016,6.14,466,2395,390.0651466,75.9348534
Apr-04-2016,6.14,460.75,2395,390.0651466,70.6848534
Apr-05-2016,6.14,453.75,2461,400.8143322,52.9356678
Apr-06-2016,6.15,458.5,2461,400.1626016,58.3373984
Apr-07-2016,6.15,453.75,2461,400.1626016,53.5873984
Apr-08-2016,6.15,470.5,2430,395.1219512,75.3780488
Apr-09-2016,6.15,470.5,2430,395.1219512,75.3780488
Apr-10-2016,6.15,470.5,2430,395.1219512,75.3780488
Apr-11-2016,6.17,476.75,2430,393.8411669,82.9088331
Apr-12-2016,6.19,482.25,2430,392.5686591,89.6813409
Apr-13-2016,6.18,480.75,2364,382.5242718,98.2257282
Apr-14-2016,6.19,479.75,2355,380.4523425,99.2976575
Apr-15-2016,6.19,468.5,2352,379.9676898,88.5323102
Apr-16-2016,6.19,468.5,2352,379.9676898,88.5323102
Apr-17-2016,6.19,468.5,2352,379.9676898,88.5323102
Apr-18-2016,6.2,466,2434,392.5806452,73.4193548
Apr-19-2016,6.21,475.25,2329,375.0402576,100.2097424
Apr-20-2016,6.22,480,2356,378.778135,101.221865
Apr-21-2016,6.22,485.75,2449,393.7299035,92.0200965
Apr-22-2016,6.23,490.75,2129,341.7335474,149.0164526
Apr-23-2016,6.21,490.75,2129,342.8341385,147.9158615
Apr-24-2016,6.22,490.75,2129,342.2829582,148.4670418
Apr-25-2016,6.2,491.25,2142,345.483871,145.766129
Apr-26-2016,6.2,495.75,2142,345.483871,150.266129
Apr-27-2016,6.2,495.25,2142,345.483871,149.766129
Apr-28-2016,6.22,504.75,2142,344.3729904,160.3770096
Apr-29-2016,6.21,504.5,2184,351.6908213,152.8091787
Apr-30-2016,6.21,504.5,2184,351.6908213,152.8091787
May-01-2016,6.21,504.5,2184,351.6908213,152.8091787
May-02-2016,6.21,503.5,2184,351.6908213,151.8091787
May-03-2016,6.2,495,2184,352.2580645,142.7419355
May-04-2016,6.2,493.75,2184,352.2580645,141.4919355
May-05-2016,6.2,500.25,2269,365.9677419,134.2822581
May-06-2016,6.19,503.5,2389,385.9450727,117.5549273
May-07-2016,6.21,503.5,2389,384.7020934,118.7979066
May-08-2016,6.21,503.5,2389,384.7020934,118.7979066
May-09-2016,6.21,493.5,2389,384.7020934,108.7979066
May-10-2016,6.21,500.25,2339,376.6505636,123.5994364
May-11-2016,6.23,506,2339,375.4414125,130.5585875
May-12-2016,6.25,502.5,2339,374.24,128.26
May-13-2016,6.24,505,2340,375,130
May-14-2016,6.25,505,2340,374.4,130.6
May-15-2016,6.25,505,2340,374.4,130.6
May-16-2016,6.25,507.25,2343,374.88,132.37
May-17-2016,6.26,511,2326,371.5654952,139.4345048
May-18-2016,6.26,514.75,2322,370.9265176,143.8234824
May-19-2016,6.25,507.25,2322,371.52,135.73
May-20-2016,6.25,513.5,2322,371.52,141.98
May-21-2016,6.24,513.5,2322,372.1153846,141.3846154
May-22-2016,6.25,513.5,2322,371.52,141.98
May-23-2016,6.24,513.5,2350,376.6025641,136.8974359
May-24-2016,6.24,518,2350,376.6025641,141.3974359
May-25-2016,6.24,519,2350,376.6025641,142.3974359
May-26-2016,6.24,520,2350,376.6025641,143.3974359
May-27-2016,6.25,519.75,2350,376,143.75
May-28-2016,6.25,519.75,2350,376,143.75
May-29-2016,6.25,519.75,2350,376,143.75
May-30-2016,6.25,522.75,2350,376,146.75
May-31-2016,6.25,524.25,2350,376,148.25
Jun-01-2016,6.25,518.25,2350,376,142.25
Jun-02-2016,6.26,520.25,2350,375.399361,144.850639
Jun-03-2016,6.26,514.5,2350,375.399361,139.100639
Jun-04-2016,6.27,514.5,2350,374.800638,139.699362
Jun-05-2016,6.27,514.5,2350,374.800638,139.699362
Jun-06-2016,6.27,518,2350,374.800638,143.199362
Jun-07-2016,6.27,523.75,2350,374.800638,148.949362
Jun-08-2016,6.27,525.75,2352,375.1196172,150.6303828
Jun-09-2016,6.26,523.75,2352,375.7188498,148.0311502
Jun-10-2016,6.26,518.5,2352,375.7188498,142.7811502
Jun-11-2016,6.26,518.5,2352,375.7188498,142.7811502
Jun-12-2016,6.26,518.5,2352,375.7188498,142.7811502
Jun-13-2016,6.26,518.75,2356,376.3578275,142.3921725
Jun-14-2016,6.26,513.5,2356,376.3578275,137.1421725
Jun-15-2016,6.26,511.5,2356,376.3578275,135.1421725
Jun-16-2016,6.25,499.5,2361,377.76,121.74
Jun-17-2016,6.23,504.5,2361,378.9727127,125.5272873
Jun-18-2016,6.2,504.5,2361,380.8064516,123.6935484
Jun-19-2016,6.2,504.5,2361,380.8064516,123.6935484
Jun-20-2016,6.21,517.75,2361,380.1932367,137.5567633
Jun-21-2016,6.2,515.5,2361,380.8064516,134.6935484
Jun-22-2016,6.21,517.5,2361,380.1932367,137.3067633
Jun-23-2016,6.21,518.75,2361,380.1932367,138.5567633
Jun-24-2016,6.21,507.25,2361,380.1932367,127.0567633
Jun-25-2016,6.21,507.25,2361,380.1932367,127.0567633
Jun-26-2016,6.2,507.25,2361,380.8064516,126.4435484
Jun-27-2016,6.2,499.75,2478,399.6774194,100.0725806
Jun-28-2016,6.2,509.5,2564,413.5483871,95.9516129
Jun-29-2016,6.19,525,2499,403.7156704,121.2843296
Jun-30-2016,6.19,521.25,2516,406.4620355,114.7879645
Jul-01-2016,6.2,523,2516,405.8064516,117.1935484
Jul-02-2016,6.2,523,2516,405.8064516,117.1935484
Jul-03-2016,6.21,523,2516,405.1529791,117.8470209
Jul-04-2016,6.21,525,2516,405.1529791,119.8470209
Jul-05-2016,6.22,513.75,2390,384.244373,129.505627
Jul-06-2016,6.21,517,2390,384.863124,132.136876
Jul-07-2016,6.2,517,2390,385.483871,131.516129
Jul-08-2016,6.19,514.75,2390,386.1066236,128.6433764
Jul-09-2016,6.2,514.75,2390,385.483871,129.266129
Jul-10-2016,6.2,514.75,2390,385.483871,129.266129
Jul-11-2016,6.2,514.75,2390,385.483871,129.266129
Jul-12-2016,6.19,518.75,2390,386.1066236,132.6433764
Jul-13-2016,6.2,506.5,2390,385.483871,121.016129
Jul-14-2016,6.19,511.75,2390,386.1066236,125.6433764
Jul-15-2016,6.22,510.5,2390,384.244373,126.255627
Jul-16-2016,6.2,510.5,2390,385.483871,125.016129
Jul-17-2016,6.2,510.5,2390,385.483871,125.016129
Jul-18-2016,6.2,504.75,2390,385.483871,119.266129
Jul-19-2016,6.2,511.25,2390,385.483871,125.766129
Jul-20-2016,6.21,514,2390,384.863124,129.136876
Jul-21-2016,6.21,508.5,2390,384.863124,123.636876
Jul-22-2016,6.2,500.25,2390,385.483871,114.766129
Jul-23-2016,6.21,500.25,2390,384.863124,115.386876
Jul-24-2016,6.21,500.25,2390,384.863124,115.386876
Jul-25-2016,6.21,497.5,2270,365.5394525,131.9605475
Jul-26-2016,6.21,497.25,2270,365.5394525,131.7105475
Jul-27-2016,6.2,492.25,2270,366.1290323,126.1209677
Jul-28-2016,6.2,485,2270,366.1290323,118.8709677
Jul-29-2016,6.21,483,2073,333.8164251,149.1835749
Jul-30-2016,6.2,483,2073,334.3548387,148.6451613
Jul-31-2016,6.21,483,2073,333.8164251,149.1835749
Aug-01-2016,6.2,474,2073,334.3548387,139.6451613
Aug-02-2016,6.2,471,2073,334.3548387,136.6451613
Aug-03-2016,6.2,476,2073,334.3548387,141.6451613
Aug-04-2016,6.2,474.75,2073,334.3548387,140.3951613
Aug-05-2016,6.2,474.25,2073,334.3548387,139.8951613
Aug-06-2016,6.2,474.25,2073,334.3548387,139.8951613
Aug-07-2016,6.2,474.25,2073,334.3548387,139.8951613
Aug-08-2016,6.2,485,2073,334.3548387,150.6451613
Aug-09-2016,6.2,486.75,2073,334.3548387,152.3951613
Aug-10-2016,6.2,484.75,2073,334.3548387,150.3951613
Aug-11-2016,6.2,495.5,2073,334.3548387,161.1451613
Aug-12-2016,6.2,499.5,2073,334.3548387,165.1451613
Aug-13-2016,6.21,499.5,2073,333.8164251,165.6835749
Aug-14-2016,6.2,499.5,2073,334.3548387,165.1451613
Aug-15-2016,6.21,508,2073,333.8164251,174.1835749
Aug-16-2016,6.21,513,2073,333.8164251,179.1835749
Aug-17-2016,6.21,514.25,2073,333.8164251,180.4335749
Aug-18-2016,6.21,525.5,2073,333.8164251,191.6835749
Aug-19-2016,6.21,524.75,2073,333.8164251,190.9335749
Aug-20-2016,6.21,524.75,2073,333.8164251,190.9335749
Aug-21-2016,6.21,524.75,2073,333.8164251,190.9335749
Aug-22-2016,6.21,518.75,2073,333.8164251,184.9335749
Aug-23-2016,6.21,523.75,2073,333.8164251,189.9335749
Aug-24-2016,6.21,516.5,2073,333.8164251,182.6835749
Aug-25-2016,6.21,519.75,2073,333.8164251,185.9335749
Aug-26-2016,6.21,522.25,2073,333.8164251,188.4335749
Aug-27-2016,6.21,522.25,2073,333.8164251,188.4335749
Aug-28-2016,6.21,522.25,2073,333.8164251,188.4335749
Aug-29-2016,6.2,516.5,2073,334.3548387,182.1451613
Aug-30-2016,6.2,512.5,2073,334.3548387,178.1451613
Aug-31-2016,6.2,502.5,2250,362.9032258,139.5967742
Sep-01-2016,6.21,492.5,2250,362.3188406,130.1811594
Sep-02-2016,6.21,497.75,2250,362.3188406,135.4311594
Sep-03-2016,6.21,497.75,2250,362.3188406,135.4311594
Sep-04-2016,6.21,497.75,2250,362.3188406,135.4311594
Sep-05-2016,6.21,500.75,2250,362.3188406,138.4311594
Sep-06-2016,6.21,496,2250,362.3188406,133.6811594
Sep-07-2016,6.21,500.5,2146,345.5716586,154.9283414
Sep-08-2016,6.21,516.5,2253,362.8019324,153.6980676
Sep-09-2016,6.21,512.25,2365,380.8373591,131.4126409
Sep-10-2016,6.21,512.25,2365,380.8373591,131.4126409
Sep-11-2016,6.21,512.25,2365,380.8373591,131.4126409
Sep-12-2016,6.21,510.75,2483,399.8389694,110.9110306
Sep-13-2016,6.21,502.5,2582,415.7809984,86.7190016
Sep-14-2016,6.21,496.25,2582,415.7809984,80.4690016
Sep-15-2016,6.21,498.75,2582,415.7809984,82.9690016
Sep-16-2016,6.21,493.5,2582,415.7809984,77.7190016
Sep-17-2016,6.21,493.5,2582,415.7809984,77.7190016
Sep-18-2016,6.21,493.5,2582,415.7809984,77.7190016
Sep-19-2016,6.21,498.75,2582,415.7809984,82.9690016
Sep-20-2016,6.21,494.75,2582,415.7809984,78.9690016
Sep-21-2016,6.21,496,2598,418.3574879,77.6425121
Sep-22-2016,6.21,502.5,2537,408.5346216,93.9653784
Sep-23-2016,6.21,500.75,2483,399.8389694,100.9110306
Sep-24-2016,6.21,500.75,2483,399.8389694,100.9110306
Sep-25-2016,6.21,500.75,2483,399.8389694,100.9110306
Sep-26-2016,6.21,502,2505,403.3816425,98.6183575
Sep-27-2016,6.32,489,2544,402.5316456,86.4683544
Sep-28-2016,6.38,494.75,2634,412.8526646,81.8973354
Sep-29-2016,6.4,514.25,2516,393.125,121.125
Sep-30-2016,6.39,516.5,2620,410.0156495,106.4843505
Oct-01-2016,6.39,516.5,2620,410.0156495,106.4843505
Oct-02-2016,6.39,516.5,2620,410.0156495,106.4843505
Oct-03-2016,6.4,518.75,2620,409.375,109.375
Oct-04-2016,6.39,524.5,2620,410.0156495,114.4843505
Oct-05-2016,6.39,529.25,2620,410.0156495,119.2343505
Oct-06-2016,6.4,532.25,2620,409.375,122.875
Oct-07-2016,6.41,532.25,2620,408.7363495,123.5136505
Oct-08-2016,6.41,532.25,2620,408.7363495,123.5136505
Oct-09-2016,6.41,532.25,2620,408.7363495,123.5136505
Oct-10-2016,6.39,537.75,2670,417.8403756,119.9096244
Oct-11-2016,6.38,534,2674,419.1222571,114.8777429
Oct-12-2016,6.36,529.25,2674,420.4402516,108.8097484
Oct-13-2016,6.35,530.25,2674,421.1023622,109.1476378
Oct-14-2016,6.35,527.5,2674,421.1023622,106.3976378
Oct-15-2016,6.35,527.5,2674,421.1023622,106.3976378
Oct-16-2016,6.37,527.5,2674,419.7802198,107.7197802
Oct-17-2016,6.38,526,2674,419.1222571,106.8777429
Oct-18-2016,6.38,529.75,2674,419.1222571,110.6277429
Oct-19-2016,6.37,539.75,2674,419.7802198,119.9697802
Oct-20-2016,6.37,530.5,2674,419.7802198,110.7197802
Oct-21-2016,6.37,533.5,2674,419.7802198,113.7197802
Oct-22-2016,6.37,533.5,2674,419.7802198,113.7197802
Oct-23-2016,6.36,533.5,2674,420.4402516,113.0597484
Oct-24-2016,6.36,533.75,2674,420.4402516,113.3097484
Oct-25-2016,6.37,534.75,2728,428.2574568,106.4925432
Oct-26-2016,6.38,534.75,2728,427.5862069,107.1637931
Oct-27-2016,6.38,535.25,2728,427.5862069,107.6637931
Oct-28-2016,6.38,535.5,2728,427.5862069,107.9137931
Oct-29-2016,6.37,535.5,2728,428.2574568,107.2425432
Oct-30-2016,6.37,535.5,2728,428.2574568,107.2425432
Oct-31-2016,6.36,522.25,2728,428.9308176,93.3191824
Nov-01-2016,6.36,519.75,2728,428.9308176,90.8191824
Nov-02-2016,6.36,512.75,2728,428.9308176,83.8191824
Nov-03-2016,6.36,509.75,2728,428.9308176,80.8191824
Nov-04-2016,6.36,508.25,2728,428.9308176,79.3191824
Nov-05-2016,6.36,508.25,2728,428.9308176,79.3191824
Nov-06-2016,6.36,508.25,2728,428.9308176,79.3191824
Nov-07-2016,6.35,507,2728,429.6062992,77.3937008
Nov-08-2016,6.35,507.75,2728,429.6062992,78.1437008
Nov-09-2016,6.34,511,2787,439.5899054,71.4100946
Nov-10-2016,6.35,511.25,2901,456.8503937,54.3996063
Nov-11-2016,6.35,502.5,2879,453.3858268,49.1141732
Nov-12-2016,6.35,502.5,2879,453.3858268,49.1141732
Nov-13-2016,6.36,502.5,2879,452.672956,49.827044
Nov-14-2016,6.35,498,2900,456.6929134,41.3070866
Nov-15-2016,6.35,507.5,2918,459.5275591,47.9724409
Nov-16-2016,6.36,508.25,2918,458.8050314,49.4449686
Nov-17-2016,6.35,506.5,2923,460.3149606,46.1850394
Nov-18-2016,6.35,507.25,2830,445.6692913,61.5807087
Nov-19-2016,6.35,507.25,2830,445.6692913,61.5807087
Nov-20-2016,6.36,507.25,2830,444.9685535,62.2814465
Nov-21-2016,6.36,524.75,2830,444.9685535,79.7814465
Nov-22-2016,6.32,523,2830,447.7848101,75.2151899
Nov-23-2016,6.32,521.25,2830,447.7848101,73.4651899
Nov-24-2016,6.32,523,2830,447.7848101,75.2151899
Nov-25-2016,6.34,512.75,2830,446.3722397,66.3777603
Nov-26-2016,6.32,512.75,2830,447.7848101,64.9651899
Nov-27-2016,6.32,512.75,2830,447.7848101,64.9651899
Nov-28-2016,6.36,518.75,2830,444.9685535,73.7814465
Nov-29-2016,6.36,507,2830,444.9685535,62.0314465
Nov-30-2016,6.37,519.75,3267,512.8728414,6.8771586
Dec-01-2016,6.37,526.25,3406,534.6938776,-8.4438776
Dec-02-2016,6.37,531,3547,556.8288854,-25.8288854
Dec-03-2016,6.38,531,3547,555.9561129,-24.9561129
Dec-04-2016,6.38,531,3547,555.9561129,-24.9561129
Dec-05-2016,6.38,534.25,3750,587.7742947,-53.5242947
Dec-06-2016,6.38,532,3784,593.1034483,-61.1034483
Dec-07-2016,6.39,531.25,3942,616.9014085,-85.6514085
Dec-08-2016,6.39,527.5,4099,641.4710485,-113.9710485
Dec-09-2016,6.39,532,4193,656.1815336,-124.1815336
Dec-10-2016,6.39,532,4193,656.1815336,-124.1815336
Dec-11-2016,6.39,532,4193,656.1815336,-124.1815336
Dec-12-2016,6.39,534.25,4358,682.0031299,-147.7531299
Dec-13-2016,6.39,527.5,4510,705.7902973,-178.2902973
Dec-14-2016,6.39,529.5,4521,707.5117371,-178.0117371
Dec-15-2016,6.39,519.25,4373,684.3505477,-165.1005477
Dec-16-2016,6.41,528.75,4099,639.4695788,-110.7195788
Dec-17-2016,6.42,528.75,4099,638.4735202,-109.7235202
Dec-18-2016,6.43,528.75,4099,637.4805599,-108.7305599
Dec-19-2016,6.44,524.25,4161,646.1180124,-121.8680124
Dec-20-2016,6.45,529.25,4080,632.5581395,-103.3081395
Dec-21-2016,6.46,528.5,4163,644.4272446,-115.9272446
Dec-22-2016,6.46,528.5,4059,628.3281734,-99.8281734
Dec-23-2016,6.47,525.25,4089,631.9938176,-106.7438176
Dec-24-2016,6.48,525.25,4089,631.0185185,-105.7685185
Dec-25-2016,6.48,525.25,4089,631.0185185,-105.7685185
Dec-26-2016,6.48,525.25,4139,638.7345679,-113.4845679
Dec-27-2016,6.48,537.25,4211,649.845679,-112.595679
Dec-28-2016,6.48,535.25,4370,674.382716,-139.132716
Dec-29-2016,6.48,539.25,4441,685.3395062,-146.0895062
Dec-30-2016,6.48,539.25,4496,693.8271605,-154.5771605
Dec-31-2016,6.48,539.25,4496,693.8271605,-154.5771605
Jan-01-2017,6.49,539.25,4496,692.7580894,-153.5080894
Jan-02-2017,6.48,539.25,4496,693.8271605,-154.5771605
Jan-03-2017,6.53,533.5,4549,696.6309342,-163.1309342
Jan-04-2017,6.52,535,4358,668.404908,-133.404908
Jan-05-2017,6.56,534,4324,659.1463415,-125.1463415
Jan-06-2017,6.59,539,4399,667.5265554,-128.5265554
Jan-07-2017,6.59,539,4399,667.5265554,-128.5265554
Jan-08-2017,6.57,539,4399,669.5585997,-130.5585997
Jan-09-2017,6.57,532,4406,670.6240487,-138.6240487
Jan-10-2017,6.57,523,4234,644.4444444,-121.4444444
Jan-11-2017,6.59,526.5,4196,636.7223065,-110.2223065
Jan-12-2017,6.58,530,4274,649.5440729,-119.5440729
Jan-13-2017,6.58,525.75,4324,657.1428571,-131.3928571
Jan-14-2017,6.58,525.75,4324,657.1428571,-131.3928571
Jan-15-2017,6.58,525.75,4324,657.1428571,-131.3928571
Jan-16-2017,6.58,525,4360,662.6139818,-137.6139818
Jan-17-2017,6.58,529,4449,676.1398176,-147.1398176
Jan-18-2017,6.58,526.75,4473,679.787234,-153.037234
Jan-19-2017,6.58,523,4463,678.2674772,-155.2674772
Jan-20-2017,6.57,531.5,4440,675.7990868,-144.2990868
Jan-21-2017,6.58,531.5,4440,674.7720365,-143.2720365
Jan-22-2017,6.58,531.5,4440,674.7720365,-143.2720365
Jan-23-2017,6.58,529.25,4428,672.9483283,-143.6983283
Jan-24-2017,6.58,530,4354,661.7021277,-131.7021277
Jan-25-2017,6.56,529.25,4421,673.9329268,-144.6829268
Jan-26-2017,6.57,531,4412,671.5372907,-140.5372907
Jan-27-2017,6.57,523.5,4412,671.5372907,-148.0372907
Jan-28-2017,6.57,523.5,4412,671.5372907,-148.0372907
Jan-29-2017,6.57,523.5,4412,671.5372907,-148.0372907
Jan-30-2017,6.57,519.75,4412,671.5372907,-151.7872907
Jan-31-2017,6.57,527,4412,671.5372907,-144.5372907
Feb-01-2017,6.52,529.75,4412,676.6871166,-146.9371166
Feb-02-2017,6.53,530.25,4412,675.6508423,-145.4008423
Feb-03-2017,6.52,528.5,4453,682.9754601,-154.4754601
Feb-04-2017,6.52,528.5,4453,682.9754601,-154.4754601
Feb-05-2017,6.52,528.5,4453,682.9754601,-154.4754601
Feb-06-2017,6.53,527,4453,681.9295559,-154.9295559
Feb-07-2017,6.53,519,4441,680.0918836,-161.0918836
Feb-08-2017,6.53,521.75,4466,683.9203675,-162.1703675
Feb-09-2017,6.54,523.25,4482,685.3211009,-162.0711009
Feb-10-2017,6.55,527.75,4515,689.3129771,-161.5629771
Feb-11-2017,6.55,527.75,4515,689.3129771,-161.5629771
Feb-12-2017,6.55,527.75,4515,689.3129771,-161.5629771
Feb-13-2017,6.53,518,4606,705.3598775,-187.3598775
Feb-14-2017,6.51,521.75,4439,681.8740399,-160.1240399
Feb-15-2017,6.52,518.5,4294,658.5889571,-140.0889571
Feb-16-2017,6.5,516,4138,636.6153846,-120.6153846
Feb-17-2017,6.51,515.25,4042,620.890937,-105.640937
Feb-18-2017,6.51,515.25,4042,620.890937,-105.640937
Feb-19-2017,6.49,515.25,4042,622.8043143,-107.5543143
Feb-20-2017,6.5,519.5,3943,606.6153846,-87.1153846
Feb-21-2017,6.51,516.25,3839,589.7081413,-73.4581413
Feb-22-2017,6.52,507.75,3919,601.0736196,-93.3236196
Feb-23-2017,6.47,513,3882,600,-87
Feb-24-2017,6.47,511.25,3877,599.2272025,-87.9772025
Feb-25-2017,6.48,511.25,3877,598.3024691,-87.0524691
Feb-26-2017,6.49,511.25,3877,597.3805855,-86.1305855
Feb-27-2017,6.5,513.75,3897,599.5384615,-85.7884615
Feb-28-2017,6.51,510.5,3968,609.5238095,-99.0238095
Mar-01-2017,6.51,517.5,3885,596.7741935,-79.2741935
Mar-02-2017,6.51,509.75,3885,596.7741935,-87.0241935
Mar-03-2017,6.51,511.25,3800,583.7173579,-72.4673579
Mar-04-2017,6.46,511.25,3800,588.2352941,-76.9852941
Mar-05-2017,6.45,511.25,3800,589.1472868,-77.8972868
Mar-06-2017,6.48,513,3739,577.0061728,-64.0061728
Mar-07-2017,6.48,513.5,3765,581.0185185,-67.5185185
Mar-08-2017,6.48,508.25,3842,592.9012346,-84.6512346
Mar-09-2017,6.48,490.25,3834,591.6666667,-101.4166667
Mar-10-2017,6.46,489.25,3805,589.0092879,-99.7592879
Mar-11-2017,6.46,489.25,3805,589.0092879,-99.7592879
Mar-12-2017,6.46,489.25,3805,589.0092879,-99.7592879
Mar-13-2017,6.46,488.5,3823,591.7956656,-103.2956656
Mar-14-2017,6.48,485,3823,589.9691358,-104.9691358
Mar-15-2017,6.48,487.5,3823,589.9691358,-102.4691358
Mar-16-2017,6.47,486.5,3760,581.1437403,-94.6437403
Mar-17-2017,6.47,485.25,3722,575.2704791,-90.0204791
Mar-18-2017,6.46,485.25,3722,576.1609907,-90.9109907
Mar-19-2017,6.47,485.25,3722,575.2704791,-90.0204791
Mar-20-2017,6.48,487.5,3744,577.7777778,-90.2777778
Mar-21-2017,6.5,483.5,3823,588.1538462,-104.6538462
Mar-22-2017,6.49,482.25,3750,577.8120185,-95.5620185
Mar-23-2017,6.49,482.5,3744,576.8875193,-94.3875193
Mar-24-2017,6.49,481.25,3755,578.5824345,-97.3324345
Mar-25-2017,6.47,481.25,3755,580.3709428,-99.1209428
Mar-26-2017,6.47,481.25,3755,580.3709428,-99.1209428
Mar-27-2017,6.5184,484.75,3728,571.9194894,-87.1694894
Mar-28-2017,6.517,488,3816,585.5454964,-97.5454964
Mar-29-2017,6.537,488.5,3757,574.7284687,-86.2284687
Mar-30-2017,6.544,494.25,3915,598.2579462,-104.0079462
Mar-31-2017,6.5485,495.25,3720,568.0690234,-72.8190234
Apr-01-2017,6.5533,495.25,3720,567.6529382,-72.4029382
Apr-02-2017,6.5552,495.25,3720,567.4884062,-72.2384062
Apr-03-2017,6.5538,496,3720,567.6096311,-71.6096311
Apr-04-2017,6.554,502,3720,567.59231,-65.59231
Apr-05-2017,6.5615,503,3720,566.9435343,-63.9435343
Apr-06-2017,6.5798,505,3720,565.3667285,-60.3667285
Apr-07-2017,6.5748,507.25,3720,565.7966782,-58.5466782
Apr-08-2017,6.5815,507.25,3720,565.2206944,-57.9706944
Apr-09-2017,6.5638,507.25,3720,566.7448734,-59.4948734
Apr-10-2017,6.5611,513,3720,566.9780982,-53.9780982
Apr-11-2017,6.571,512.25,3720,566.1238776,-53.8738776
Apr-12-2017,6.56,516.5,3720,567.0731707,-50.5731707
Apr-13-2017,6.559,516.25,3720,567.159628,-50.909628
Apr-14-2017,6.559,516.25,3720,567.159628,-50.909628
Apr-15-2017,6.5856,516.25,3720,564.8688047,-48.6188047
Apr-16-2017,6.597,516.25,3720,563.8926785,-47.6426785
Apr-17-2017,6.5818,517,3720,565.1949315,-48.1949315
Apr-18-2017,6.5915,513,3720,564.363195,-51.363195
Apr-19-2017,6.587,510,3720,564.7487475,-54.7487475
Apr-20-2017,6.582,501.25,3720,565.1777575,-63.9277575
Apr-21-2017,6.591,494.75,3720,564.4060082,-69.6560082
Apr-22-2017,6.5784,494.75,3720,565.4870485,-70.7370485
Apr-23-2017,6.5807,494.75,3720,565.2894069,-70.5394069
Apr-24-2017,6.6218,493.5,3720,561.7807847,-68.2807847
Apr-25-2017,6.6474,491.5,3720,559.617294,-68.117294
Apr-26-2017,6.6481,495,3720,559.5583701,-64.5583701
Apr-27-2017,6.6368,483.75,3720,560.5110897,-76.7610897
Apr-28-2017,6.648,486.5,3473,522.4127557,-35.9127557
Apr-29-2017,6.6597,486.5,3473,521.4949622,-34.9949622
Apr-30-2017,6.6653,486.5,3473,521.0568166,-34.5568166
May-01-2017,6.686,482.5,3473,519.4436135,-36.9436135
May-02-2017,6.6886,481.25,3473,519.2416948,-37.9916948
May-03-2017,6.682,476.25,3473,519.7545645,-43.5045645
May-04-2017,6.6908,469.5,3473,519.0709631,-49.5709631
May-05-2017,6.696,478.25,3473,518.6678614,-40.4178614
May-06-2017,6.6885,478.25,3473,519.249458,-40.999458
May-07-2017,6.6887,478.25,3473,519.2339319,-40.9839319
May-08-2017,6.6835,474.75,3473,519.6379143,-44.8879143
May-09-2017,6.6935,476.25,3473,518.8615821,-42.6115821
May-10-2017,6.7045,481.5,3473,518.0102916,-36.5102916
May-11-2017,6.6963,483.75,3473,518.6446246,-34.8946246
May-12-2017,6.6778,480.5,3473,520.081464,-39.581464
May-13-2017,6.6755,480.5,3473,520.2606546,-39.7606546
May-14-2017,6.6795,480.5,3473,519.949098,-39.449098
May-15-2017,6.6799,484.25,3473,519.9179628,-35.6679628
May-16-2017,6.672,484.25,3473,520.5335731,-36.2835731
May-17-2017,6.67,486,3473,520.6896552,-34.6896552
May-18-2017,6.6576,486.5,3473,521.6594569,-35.1594569
May-19-2017,6.635,492.5,3473,523.4363225,-30.9363225
May-20-2017,6.6439,492.5,3473,522.7351405,-30.2351405
May-21-2017,6.6272,492.5,3473,524.0523901,-31.5523901
May-22-2017,6.6342,495.5,3473,523.4994423,-27.9994423
May-23-2017,6.6418,497.5,3473,522.9004186,-25.4004186
May-24-2017,6.6603,498,3473,521.4479828,-23.4479828
May-25-2017,6.6614,491.5,3473,521.3618759,-29.8618759
May-26-2017,6.6557,485.5,3473,521.8083748,-36.3083748
May-27-2017,6.636,485.5,3473,523.3574442,-37.8574442
May-28-2017,6.6337,485.5,3473,523.5388999,-38.0388999
May-29-2017,6.6362,489.75,3473,523.3416714,-33.5916714
May-30-2017,6.638,484.25,3473,523.199759,-38.949759
May-31-2017,6.6254,477.25,3399,513.0256286,-35.7756286
Jun-01-2017,6.6344,480.75,3399,512.3296756,-31.5796756
Jun-02-2017,6.6312,472.75,3568,538.0624925,-65.3124925
Jun-03-2017,6.6532,472.75,3568,536.2832923,-63.5332923
Jun-04-2017,6.6507,472.75,3568,536.4848813,-63.7348813
Jun-05-2017,6.6409,468.25,3568,537.276574,-69.026574
Jun-06-2017,6.659,467.5,3568,535.8161886,-68.3161886
Jun-07-2017,6.6595,463,3568,535.7759592,-72.7759592
Jun-08-2017,6.6695,465.25,3568,534.9726366,-69.7226366
Jun-09-2017,6.683,468.25,3745,560.3770762,-92.1270762
Jun-10-2017,6.6807,468.25,3745,560.5700001,-92.3200001
Jun-11-2017,6.6793,468.25,3745,560.6874972,-92.4374972
Jun-12-2017,6.675,470.25,3745,561.0486891,-90.7986891
Jun-13-2017,6.6805,465.75,3745,560.5867824,-94.8367824
Jun-14-2017,6.6771,459,3745,560.872235,-101.872235
Jun-15-2017,6.67,464.25,3745,561.4692654,-97.2192654
Jun-16-2017,6.6625,466.25,3745,562.1013133,-95.8513133
Jun-17-2017,6.6669,466.25,3745,561.7303394,-95.4803394
Jun-18-2017,6.685,466.25,3745,560.2094241,-93.9594241
Jun-19-2017,6.6802,467.5,3745,560.6119577,-93.1119577
Jun-20-2017,6.6795,459,3745,560.6707089,-101.6707089
Jun-21-2017,6.6747,459.75,3745,561.0739059,-101.3239059
Jun-22-2017,6.6685,459.25,3745,561.5955612,-102.3455612
Jun-23-2017,6.672,456,3745,561.3009592,-105.3009592
Jun-24-2017,6.6688,456,3745,561.5702975,-105.5702975
Jun-25-2017,6.6648,456,3745,561.9073341,-105.9073341
Jun-26-2017,6.6694,456.5,3745,561.5197769,-105.0197769
Jun-27-2017,6.6689,464.25,3745,561.5618768,-97.3118768
Jun-28-2017,6.6701,467,3745,561.4608477,-94.4608477
Jun-29-2017,6.6751,470.5,3745,561.040284,-90.540284
Jun-30-2017,6.6672,474.25,3745,561.7050636,-87.4550636
Jul-01-2017,6.6718,474.25,3745,561.3177853,-87.0677853
Jul-02-2017,6.7075,474.25,3745,558.3302274,-84.0802274
Jul-03-2017,6.722,483.5,3745,557.1258554,-73.6258554
Jul-04-2017,6.7195,484,3745,557.3331349,-73.3331349
Jul-05-2017,6.7274,473.75,3745,556.6786574,-82.9286574
Jul-06-2017,6.7283,478.25,3745,556.6041942,-78.3541942
Jul-07-2017,6.7375,463.75,3745,555.8441558,-92.0941558
Jul-08-2017,6.7409,463.75,3745,555.5637971,-91.8137971
Jul-09-2017,6.7378,463.75,3745,555.8194069,-92.0694069
Jul-10-2017,6.7449,466.75,3745,555.2343252,-88.4843252
Jul-11-2017,6.767,468.75,3745,553.4210137,-84.6710137
Jul-12-2017,6.7752,471,3818,563.5258,-92.5258
Jul-13-2017,6.7804,476,3818,563.0936228,-87.0936228
Jul-14-2017,6.7712,476.25,3803,561.643431,-85.393431
Jul-15-2017,6.7835,476.25,3803,560.6250461,-84.3750461
Jul-16-2017,6.7789,476.25,3803,561.0054729,-84.7554729
Jul-17-2017,6.7758,477.75,3805,561.5573069,-83.8073069
Jul-18-2017,6.7657,475.75,3805,562.3956132,-86.6456132
Jul-19-2017,6.757,480.25,3805,563.1197277,-82.8697277
Jul-20-2017,6.765,480.25,3805,562.4538064,-82.2038064
Jul-21-2017,6.7565,474.25,3770,557.9812033,-83.7312033
Jul-22-2017,6.7766,474.25,3770,556.3261813,-82.0761813
Jul-23-2017,6.787,474.25,3770,555.4736997,-81.2236997
Jul-24-2017,6.7915,474.25,3782,556.8725613,-82.6225613
Jul-25-2017,6.8059,481,3696,543.0582289,-62.0582289
Jul-26-2017,6.812,486,3716,545.5079272,-59.5079272
Jul-27-2017,6.86,488.75,3716,541.6909621,-52.9409621
Jul-28-2017,6.859,491.75,3716,541.7699373,-50.0199373
Jul-29-2017,6.8804,491.75,3716,540.0848788,-48.3348788
Jul-30-2017,6.8781,491.75,3716,540.2654803,-48.5154803
Jul-31-2017,6.8865,493.5,3716,539.6064764,-46.1064764
Aug-01-2017,6.8928,489.5,3892,564.6471681,-75.1471681
Aug-02-2017,6.89,494.75,3700,537.0101597,-42.2601597
Aug-03-2017,6.919,496.25,3802,549.501373,-53.251373
Aug-04-2017,6.9219,495,3813,550.8603129,-55.8603129
Aug-05-2017,6.9188,495,3813,551.1071284,-56.1071284
Aug-06-2017,6.9153,495,3813,551.386057,-56.386057
Aug-07-2017,6.9047,490.25,3793,549.3359596,-59.0859596
Aug-08-2017,6.8894,495.5,3765,546.4917119,-50.9917119
Aug-09-2017,6.8856,491.75,3781,549.1169978,-57.3669978
Aug-10-2017,6.88,489,3806,553.1976744,-64.1976744
Aug-11-2017,6.8815,484.25,3866,561.79612,-77.54612
Aug-12-2017,6.8818,484.25,3866,561.7716295,-77.5216295
Aug-13-2017,6.8767,484.25,3866,562.1882589,-77.9382589
Aug-14-2017,6.891,485.25,3866,561.0216224,-75.7716224
Aug-15-2017,6.908,478.5,3866,559.6409959,-81.1409959
Aug-16-2017,6.9069,478.75,3879,561.6123007,-82.8623007
Aug-17-2017,6.9023,477.75,3984,577.1989047,-99.4489047
Aug-18-2017,6.9049,481.25,3880,561.9197961,-80.6697961
Aug-19-2017,6.9467,481.25,3880,558.5385867,-77.2885867
Aug-20-2017,6.9615,481.25,3880,557.3511456,-76.1011456
Aug-21-2017,6.9605,481.25,3942,566.3386251,-85.0886251
Aug-22-2017,6.9527,484.5,3745,538.6396652,-54.1396652
Aug-23-2017,6.944,489.25,3745,539.3145161,-50.0645161
Aug-24-2017,6.9484,489,4204,605.0313741,-116.0313741
Aug-25-2017,6.9462,486,3745,539.1437045,-53.1437045
Aug-26-2017,6.9489,486,3745,538.9342198,-52.9342198
Aug-27-2017,6.952,486,3745,538.693901,-52.693901
Aug-28-2017,6.9613,485.5,3950,567.4227515,-81.9227515
Aug-29-2017,6.9559,485.25,3950,567.8632528,-82.6132528
Aug-30-2017,6.945,489,3950,568.7544996,-79.7544996
Aug-31-2017,6.964,495,3950,567.202757,-72.202757
Sep-01-2017,6.9342,497,3950,569.6403334,-72.6403334
Sep-02-2017,6.8767,497,3950,574.4034202,-77.4034202
Sep-03-2017,6.9241,497,3950,570.4712526,-73.4712526
Sep-04-2017,6.9375,494.5,3950,569.3693694,-74.8693694
Sep-05-2017,6.9215,501.75,3950,570.685545,-68.935545
Sep-06-2017,6.9377,504,3950,569.3529556,-65.3529556
Sep-07-2017,6.8941,501.5,3950,572.953685,-71.453685
Sep-08-2017,6.9005,498.5,3950,572.4222882,-73.9222882
Sep-09-2017,6.9008,498.5,3950,572.3974032,-73.8974032
Sep-10-2017,6.845,498.5,3950,577.06355,-78.56355
Sep-11-2017,6.8496,497,3950,576.6760103,-79.6760103
Sep-12-2017,6.872,501,3950,574.7962747,-73.7962747
Sep-13-2017,6.8765,503.5,3950,574.4201265,-70.9201265
Sep-14-2017,6.8537,506.5,3950,576.3310329,-69.8310329
Sep-15-2017,6.859,509,3950,575.8856976,-66.8856976
Sep-16-2017,6.8836,509,3950,573.8276483,-64.8276483
Sep-17-2017,6.884,509,3950,573.7943056,-64.7943056
Sep-18-2017,6.8672,504.25,3950,575.1980429,-70.9480429
Sep-19-2017,6.863,506.25,3950,575.550051,-69.300051
Sep-20-2017,6.8853,508,3950,573.6859687,-65.6859687
Sep-21-2017,6.8638,509.25,3950,575.4829686,-66.2329686
Sep-22-2017,6.8691,508.75,3950,575.0389425,-66.2889425
Sep-23-2017,6.8785,508.75,3950,574.2531075,-65.5031075
Sep-24-2017,6.8802,508.75,3950,574.1112177,-65.3612177
Sep-25-2017,6.8675,516,4000,582.4535857,-66.4535857
Sep-26-2017,6.8711,513.25,4000,582.1484187,-68.8984187
Sep-27-2017,6.853,514.75,4000,583.6859769,-68.9359769
Sep-28-2017,6.8665,514,4000,582.5384111,-68.5384111
Sep-29-2017,6.8785,513,4024,585.011267,-72.011267
Sep-30-2017,6.884,513,4024,584.5438698,-71.5438698
Oct-01-2017,6.8778,513,4024,585.0708075,-72.0708075
Oct-02-2017,6.8661,504.25,4024,586.0677823,-81.8177823
Oct-03-2017,6.8691,505,4024,585.811824,-80.811824
Oct-04-2017,6.8708,507,4024,585.6668801,-78.6668801
Oct-05-2017,6.867,512.5,4024,585.9909713,-73.4909713
Oct-06-2017,6.8819,499.5,4024,584.7222424,-85.2222424
Oct-07-2017,6.8899,499.5,4024,584.0433098,-84.5433098
Oct-08-2017,6.8999,499.5,4024,583.1968579,-83.6968579
Oct-09-2017,6.897,500.25,4024,583.4420763,-83.1920763
Oct-10-2017,6.9025,508.25,4024,582.9771822,-74.7271822
Oct-11-2017,6.9131,506.25,4024,582.0832911,-75.8332911
Oct-12-2017,6.911,505.25,4024,582.260165,-77.010165
Oct-13-2017,6.9093,510.75,4024,582.4034273,-71.6534273
Oct-14-2017,6.9143,510.75,4024,581.9822686,-71.2322686
Oct-15-2017,6.915,510.75,4024,581.923355,-71.173355
Oct-16-2017,6.9149,512.25,4024,581.9317705,-69.6817705
Oct-17-2017,6.898,511.75,4024,583.3574949,-71.6074949
Oct-18-2017,6.9034,510.25,4024,582.9011791,-72.6511791
Oct-19-2017,6.9085,511.5,4024,582.4708692,-70.9708692
Oct-20-2017,6.8874,514.5,4024,584.2553068,-69.7553068
Oct-21-2017,6.8819,514.5,4024,584.7222424,-70.2222424
Oct-22-2017,6.8863,514.5,4024,584.3486342,-69.8486342
Oct-23-2017,6.8837,511.75,4024,584.569345,-72.819345
Oct-24-2017,6.8729,513.5,4024,585.4879309,-71.9879309
Oct-25-2017,6.8795,517,4024,584.9262301,-67.9262301
Oct-26-2017,6.8901,519.75,4024,584.0263567,-64.2763567
Oct-27-2017,6.8894,526.5,4024,584.0856969,-57.5856969
Oct-28-2017,6.8872,526.5,4024,584.2722732,-57.7722732
Oct-29-2017,6.8948,526.5,4024,583.6282416,-57.1282416
Oct-30-2017,6.8977,528.75,4024,583.3828668,-54.6328668
Oct-31-2017,6.9005,531.25,3771,546.482139,-15.232139
Nov-01-2017,6.903,529.5,3771,546.2842243,-16.7842243
Nov-02-2017,6.8921,526,3771,547.1481842,-21.1481842
Nov-03-2017,6.8915,529,3771,547.1958209,-18.1958209
Nov-04-2017,6.89,529,3771,547.3149492,-18.3149492
Nov-05-2017,6.8854,529,3771,547.6805995,-18.6805995
Nov-06-2017,6.8803,539,3771,548.086566,-9.086566
Nov-07-2017,6.882,541.75,3771,547.951177,-6.201177
Nov-08-2017,6.888,544.75,3771,547.4738676,-2.7238676
Nov-09-2017,6.8822,548.25,3771,547.9352533,0.3147467
Nov-10-2017,6.8859,549.75,3771,547.6408313,2.1091687
Nov-11-2017,6.8847,549.75,3771,547.7362848,2.0137152
Nov-12-2017,6.8847,549.75,3771,547.7362848,2.0137152
Nov-13-2017,6.8926,550.25,3771,547.1084932,3.1415068
Nov-14-2017,6.8979,538.5,3771,546.6881225,-8.1881225
Nov-15-2017,6.8935,539.5,3771,547.0370639,-7.5370639
Nov-16-2017,6.8959,539,3771,546.846677,-7.846677
Nov-17-2017,6.8989,541.5,3771,546.6088797,-5.1088797
Nov-18-2017,6.896,541.5,3771,546.8387471,-5.3387471
Nov-19-2017,6.9031,541.5,3771,546.2763106,-4.7763106
Nov-20-2017,6.9045,536.75,3771,546.1655442,-9.4155442
Nov-21-2017,6.9074,537.5,3771,545.9362423,-8.4362423
Nov-22-2017,6.9032,539,3771,546.2683973,-7.2683973
Nov-23-2017,6.9037,541.25,3771,546.2288338,-4.9788338
Nov-24-2017,6.8995,541.5,3771,546.561345,-5.061345
Nov-25-2017,6.8935,541.5,3771,547.0370639,-5.5370639
Nov-26-2017,6.8867,541.5,3771,547.5772141,-6.0772141
Nov-27-2017,6.8784,543,3771,548.2379623,-5.2379623
Nov-28-2017,6.8892,545.75,3771,547.3785055,-1.6285055
Nov-29-2017,6.885,542.5,3771,547.7124183,-5.2124183
Nov-30-2017,6.8864,541,3870,561.9772305,-20.9772305
Dec-01-2017,6.8852,547.25,3870,562.0751757,-14.8251757
Dec-02-2017,6.8901,547.25,3870,561.6754474,-14.4254474
Dec-03-2017,6.8685,547.25,3870,563.4417995,-16.1917995
Dec-04-2017,6.8555,539,3870,564.5102472,-25.5102472
Dec-05-2017,6.818,541.5,3870,567.6151364,-26.1151364
Dec-06-2017,6.8083,533.25,3870,568.4238356,-35.1738356
Dec-07-2017,6.81,536.5,3870,568.2819383,-31.7819383
Dec-08-2017,6.804,545,3870,568.7830688,-23.7830688
Dec-09-2017,6.7952,545,3870,569.5196609,-24.5196609
Dec-10-2017,6.7957,545,3870,569.477758,-24.477758
Dec-11-2017,6.8003,548,3870,569.09254,-21.09254
Dec-12-2017,6.798,544.5,3870,569.2850838,-24.7850838
Dec-13-2017,6.7982,536.75,3870,569.2683357,-32.5183357
Dec-14-2017,6.7991,539.5,3870,569.1929814,-29.6929814
Dec-15-2017,6.7917,540.5,3870,569.8131543,-29.3131543
Dec-16-2017,6.8078,540.5,3870,568.4655836,-27.9655836
Dec-17-2017,6.8105,540.5,3870,568.2402173,-27.7402173
Dec-18-2017,6.8195,545.25,3870,567.4902852,-22.2402852
Dec-19-2017,6.8292,545.75,3870,566.6842383,-20.9342383
Dec-20-2017,6.8295,551,3870,566.6593455,-15.6593455
Dec-21-2017,6.8348,552,3870,566.2199333,-14.2199333
Dec-22-2017,6.8366,550.5,3870,566.0708539,-15.5708539
Dec-23-2017,6.8411,550.5,3870,565.6984988,-15.1984988
Dec-24-2017,6.8126,550.5,3870,568.0650559,-17.5650559
Dec-25-2017,6.7998,550.5,3870,569.1343863,-18.6343863
Dec-26-2017,6.787,567.25,3870,570.2077501,-2.9577501
Dec-27-2017,6.7809,560.75,3870,570.7207008,-9.9707008
Dec-28-2017,6.8003,561.75,3870,569.09254,-7.34254
Dec-29-2017,6.8007,555,3765,553.6194803,1.3805197
Dec-30-2017,6.8019,555,3765,553.5218101,1.4781899
Dec-31-2017,6.8015,555,3765,553.554363,1.445637
Jan-01-2018,6.8057,555,3765,553.2127481,1.7872519
Jan-02-2018,6.8036,561,3765,553.3835029,7.6164971
Jan-03-2018,6.8025,566.75,3765,553.4729879,13.2770121
Jan-04-2018,6.7878,566.25,3765,554.6716167,11.5783833
Jan-05-2018,6.7835,567.5,3765,555.0232181,12.4767819
Jan-06-2018,6.7753,567.5,3765,555.6949508,11.8050492
Jan-07-2018,6.77,567.5,3765,556.1299852,11.3700148
Jan-08-2018,6.7466,569.75,3765,558.0588741,11.6911259
Jan-09-2018,6.7519,573.75,3765,557.6208178,16.1291822
Jan-10-2018,6.7597,576.75,3765,556.9773807,19.7726193
Jan-11-2018,6.7667,578.25,3765,556.4012,21.8488
Jan-12-2018,6.7512,576.75,3765,557.6786349,19.0713651
Jan-13-2018,6.751,576.75,3765,557.6951563,19.0548437
Jan-14-2018,6.754,576.75,3765,557.4474386,19.3025614
Jan-15-2018,6.743,582,3765,558.3568145,23.6431855
Jan-16-2018,6.7369,580.25,3765,558.8623848,21.3876152
Jan-17-2018,6.7266,580.25,3765,559.718134,20.531866
Jan-18-2018,6.7179,581,3765,560.4429956,20.5570044
Jan-19-2018,6.7217,577.5,3765,560.1261586,17.3738414
Jan-20-2018,6.7172,577.5,3765,560.5013994,16.9986006
Jan-21-2018,6.7289,577.5,3765,559.5268172,17.9731828
Jan-22-2018,6.7215,583.5,3765,560.1428253,23.3571747
Jan-23-2018,6.7061,586.5,3765,561.4291466,25.0708534
Jan-24-2018,6.6743,585.25,3765,564.1041008,21.1458992
Jan-25-2018,6.647,589,3765,566.4209418,22.5790582
Jan-26-2018,6.6636,587.25,3765,565.0099046,22.2400954
Jan-27-2018,6.6712,587.25,3765,564.366231,22.883769
Jan-28-2018,6.6855,587.25,3765,563.1590756,24.0909244
Jan-29-2018,6.6916,580.5,3765,562.6457051,17.8542949
Jan-30-2018,6.6755,577.5,3765,564.0026964,13.4973036
Jan-31-2018,6.6704,575.75,3765,564.433917,11.316083
Feb-01-2018,6.666,579.25,3765,564.8064806,14.4435194
Feb-02-2018,6.6624,573.25,3765,565.1116715,8.1383285
Feb-03-2018,6.659,573.25,3765,565.4002102,7.8497898
Feb-04-2018,6.662,573.25,3765,565.1456019,8.1043981
Feb-05-2018,6.6465,573.5,3765,566.4635522,7.0364478
Feb-06-2018,6.6144,564.5,3765,569.212627,-4.712627
Feb-07-2018,6.5968,556.5,3765,570.7312636,-14.2312636
Feb-08-2018,6.594,548.75,3765,570.9736124,-22.2236124
Feb-09-2018,6.5901,538,3765,571.3115127,-33.3115127
Feb-10-2018,6.5584,538,3765,574.0729446,-36.0729446
Feb-11-2018,6.5309,538,3765,576.4902234,-38.4902234
Feb-12-2018,6.5388,539.75,3765,575.7937236,-36.0437236
Feb-13-2018,6.5242,534.5,3765,577.0822476,-42.5822476
Feb-14-2018,6.487,541,3765,580.3915523,-39.3915523
Feb-15-2018,6.4944,542.5,3765,579.7302291,-37.2302291
Feb-16-2018,6.5292,549,3765,576.6403235,-27.6403235
Feb-17-2018,6.5354,549,3765,576.0932766,-27.0932766
Feb-18-2018,6.5415,549,3765,575.5560651,-26.5560651
Feb-19-2018,6.556,554.5,3765,574.2830995,-19.7830995
Feb-20-2018,6.5526,554.5,3765,574.5810823,-20.0810823
Feb-21-2018,6.5752,555.25,3765,572.6061565,-17.3561565
Feb-22-2018,6.5835,561.75,3765,571.8842561,-10.1342561
Feb-23-2018,6.5749,565.75,3765,572.6322834,-6.8822834
Feb-24-2018,6.5904,565.75,3765,571.2855062,-5.5355062
Feb-25-2018,6.5901,565.75,3765,571.3115127,-5.5615127
Feb-26-2018,6.6215,572,3765,568.6022805,3.3977195
Feb-27-2018,6.6398,570.25,3765,567.0351517,3.2148483
Feb-28-2018,6.6425,559.5,4317,649.9059089,-90.4059089
Mar-01-2018,6.6608,547,4317,648.1203459,-101.1203459
Mar-02-2018,6.6528,548.75,4317,648.8997114,-100.1497114
Mar-03-2018,6.6251,548.75,4317,651.6128058,-102.8628058
Mar-04-2018,6.5743,548.75,4317,656.647856,-107.897856
Mar-05-2018,6.5903,561,4317,655.0536394,-94.0536394
Mar-06-2018,6.5875,560.75,4317,655.3320683,-94.5820683
Mar-07-2018,6.5796,559.75,4317,656.118913,-96.368913
Mar-08-2018,6.5898,555,4317,655.1033415,-100.1033415
Mar-09-2018,6.6236,562.5,4317,651.760372,-89.260372
Mar-10-2018,6.6274,562.5,4317,651.3866675,-88.8866675
Mar-11-2018,6.6138,562.5,4317,652.7261181,-90.2261181
Mar-12-2018,6.6205,560.25,4317,652.065554,-91.815554
Mar-13-2018,6.64,560,4317,650.1506024,-90.1506024
Mar-14-2018,6.6358,561.75,4317,650.5621025,-88.8121025
Mar-15-2018,6.6391,563,4317,650.2387372,-87.2387372
Mar-16-2018,6.6426,567.25,4317,649.896125,-82.646125
Mar-17-2018,6.6505,567.25,4317,649.124126,-81.874126
Mar-18-2018,6.6465,567.25,4317,649.5147822,-82.2647822
Mar-19-2018,6.635,568.25,4317,650.6405426,-82.3905426
Mar-20-2018,6.602,573.5,4317,653.8927598,-80.3927598
Mar-21-2018,6.6093,585.5,4317,653.1705324,-67.6705324
Mar-22-2018,6.639,585,4317,650.2485314,-65.2485314
Mar-23-2018,6.6338,588.5,4317,650.7582381,-62.2582381
Mar-24-2018,6.6405,588.5,4317,650.101649,-61.601649
Mar-25-2018,6.628,588.5,4317,651.3277007,-62.8277007
Mar-26-2018,6.6402,588.25,4317,650.1310201,-61.8810201
Mar-27-2018,6.6409,589,4317,650.0624915,-61.0624915
Mar-28-2018,6.6385,588.75,4317,650.297507,-61.547507
Mar-29-2018,6.635,590.25,4317,650.6405426,-60.3905426
Mar-30-2018,6.62,590.25,3791,572.6586103,17.5913897
Mar-31-2018,6.6273,590.25,3791,572.0278243,18.2221757
Apr-01-2018,6.6245,590.25,3791,572.2696053,17.9803947
Apr-02-2018,6.6245,584,3791,572.2696053,11.7303947
Apr-03-2018,6.6265,582,3791,572.0968837,9.9031163
Apr-04-2018,6.6086,580,3791,573.6464607,6.3535393
Apr-05-2018,6.5998,583.5,3791,574.4113458,9.0886542
Apr-06-2018,6.5967,578.75,3791,574.68128,4.06872
Apr-07-2018,6.6044,578.75,3791,574.0112652,4.7387348
Apr-08-2018,6.6091,578.75,3791,573.6030624,5.1469376
Apr-09-2018,6.609,585.5,3791,573.6117416,11.8882584
Apr-10-2018,6.6137,595,3791,573.2041066,21.7958934
Apr-11-2018,6.6185,606.5,3791,572.7883962,33.7116038
Apr-12-2018,6.617,600.25,3791,572.9182409,27.3317591
Apr-13-2018,6.6136,604.75,3791,573.2127737,31.5372263
Apr-14-2018,6.6173,604.75,3791,572.8922672,31.8577328
Apr-15-2018,6.6199,604.75,3791,572.6672608,32.0827392
Apr-16-2018,6.6175,601.75,3791,572.8749528,28.8750472
Apr-17-2018,6.621,602.5,3791,572.572119,29.927881
Apr-18-2018,6.6171,610.25,3791,572.9095827,37.3404173
Apr-19-2018,6.6091,620.5,3791,573.6030624,46.8969376
Apr-20-2018,6.6088,613.25,3791,573.6291006,39.6208994
Apr-21-2018,6.6088,613.25,3791,573.6291006,39.6208994
Apr-22-2018,6.6088,613.25,3791,573.6291006,39.6208994
Apr-23-2018,6.5771,619.25,3791,576.3938514,42.8561486
Apr-24-2018,6.5833,624.75,3791,575.851017,48.898983
Apr-25-2018,6.575,618.75,3791,576.5779468,42.1720532
Apr-26-2018,6.5429,622.5,3791,579.4066851,43.0933149
Apr-27-2018,6.556,623.25,3765,574.2830995,48.9669005
Apr-28-2018,6.5322,623.25,3765,576.3754937,46.8745063
Apr-29-2018,6.5063,623.25,3765,578.6699046,44.5800954
Apr-30-2018,6.491,625.75,3765,580.0338931,45.7161069
May-01-2018,6.501,622.5,3765,579.1416705,43.3583295
May-02-2018,6.4915,618,3765,579.9892167,38.0107833
May-03-2018,6.4875,621.75,3765,580.3468208,41.4031792
May-04-2018,6.497,631,3765,579.49823,51.50177
May-05-2018,6.5263,631,3765,576.896557,54.103443
May-06-2018,6.5055,631,3765,578.7410653,52.2589347
May-07-2018,6.4956,643.75,3765,579.6231295,64.1268705
May-08-2018,6.4607,629.5,3765,582.7541907,46.7458093
May-09-2018,6.4395,652.25,3765,584.672723,67.577277
May-10-2018,6.433,652.5,3765,585.2634852,67.2365148
May-11-2018,6.4175,657,3765,586.6770549,70.3229451
May-12-2018,6.399,657,3765,588.3731833,68.6268167
May-13-2018,6.4035,657,3765,587.9597095,69.0402905
May-14-2018,6.4,659.5,3765,588.28125,71.21875
May-15-2018,6.365,667,3765,591.5161037,75.4838963
May-16-2018,6.3189,664.75,3765,595.831553,68.918447
May-17-2018,6.3199,681.5,3765,595.7372743,85.7627257
May-18-2018,6.3328,677,3765,594.5237494,82.4762506
May-19-2018,6.3199,677,3765,595.7372743,81.2627257
May-20-2018,6.2841,677,3765,599.1311405,77.8688595
May-21-2018,6.2969,675.5,3765,597.9132589,77.5867411
May-22-2018,6.2984,684.75,3765,597.7708624,86.9791376
May-23-2018,6.285,678.5,3765,599.0453461,79.4546539
May-24-2018,6.283,678.75,3765,599.2360337,79.5139663
May-25-2018,6.2649,662.75,3765,600.967294,61.782706
May-26-2018,6.3222,662.75,3765,595.5205466,67.2294534
May-27-2018,6.2966,662.75,3765,597.9417463,64.8082537
May-28-2018,6.325,655.25,3765,595.256917,59.993083
May-29-2018,6.338,654.75,3765,594.0359735,60.7140265
May-30-2018,6.3438,666.25,3765,593.4928592,72.7571408
May-31-2018,6.3438,670.25,3748,590.8130773,79.4369227
Jun-01-2018,6.3438,659.75,3748,590.8130773,68.9369227
Jun-02-2018,6.3351,659.75,3748,591.6244416,68.1255584
Jun-03-2018,6.3351,659.75,3748,591.6244416,68.1255584
Jun-04-2018,6.3471,656,3748,590.5059003,65.4940997
Jun-05-2018,6.3329,650,3748,591.8299673,58.1700327
Jun-06-2018,6.3115,649,3748,593.8366474,55.1633526
Jun-07-2018,6.3169,660.75,3748,593.3290063,67.4209937
Jun-08-2018,6.328,661,3748,592.2882427,68.7117573
Jun-09-2018,6.3565,661,3748,589.6326595,71.3673405
Jun-10-2018,6.3428,661,3748,590.9062244,70.0937756
Jun-11-2018,6.3491,660.5,3748,590.3198879,70.1801121
Jun-12-2018,6.3093,661,3748,594.0437132,66.9562868
Jun-13-2018,6.3225,660.75,3748,592.8034796,67.9465204
Jun-14-2018,6.3389,658.75,3748,591.2697787,67.4802213
Jun-15-2018,6.3285,640,3748,592.2414474,47.7585526
Jun-16-2018,6.327,640,3748,592.3818555,47.6181445
Jun-17-2018,6.318,640,3748,593.2257043,46.7742957
Jun-18-2018,6.314,646,3748,593.6015204,52.3984796
Jun-19-2018,6.3202,645.75,3748,593.0192083,52.7307917
Jun-20-2018,6.33,646.75,3748,592.1011058,54.6488942
Jun-21-2018,6.3291,636.75,3748,592.1853028,44.5646972
Jun-22-2018,6.3328,646.5,3748,591.8393128,54.6606872
Jun-23-2018,6.32,646.5,3748,593.0379747,53.4620253
Jun-24-2018,6.331,646.5,3748,592.0075817,54.4924183
Jun-25-2018,6.311,645.25,3748,593.8836951,51.3663049
Jun-26-2018,6.2685,649.5,3748,597.9101858,51.5898142
Jun-27-2018,6.2781,668.25,3748,596.9959064,71.2540936
Jun-28-2018,6.2946,665,3748,595.4310044,69.5689956
Jun-29-2018,6.2876,672,3748,596.0938991,75.9061009
Jun-30-2018,6.2726,672,3748,597.51937,74.48063
Jul-01-2018,6.2785,672,3748,596.9578721,75.0421279
Jul-02-2018,6.2881,661.75,3748,596.0465005,65.7034995
Jul-03-2018,6.3045,654.75,3748,594.4959949,60.2540051
Jul-04-2018,6.3045,663.75,3748,594.4959949,69.2540051
Jul-05-2018,6.3045,666.5,3748,594.4959949,72.0040051
Jul-06-2018,6.3035,662.5,3748,594.590307,67.909693
Jul-07-2018,6.2798,662.5,3748,596.8342941,65.6657059
Jul-08-2018,6.2655,662.5,3748,598.1964727,64.3035273
Jul-09-2018,6.2876,669.75,3748,596.0938991,73.6561009
Jul-10-2018,6.2725,673.75,3748,597.528896,76.221104
Jul-11-2018,6.2752,664,3748,597.2718001,66.7281999
Jul-12-2018,6.2804,647.25,3748,596.7772753,50.4727247
Jul-13-2018,6.2722,657.5,2988,476.3878703,181.1121297
Jul-14-2018,6.2765,657.5,2988,476.0614992,181.4385008
Jul-15-2018,6.2945,657.5,2988,474.700135,182.799865
Jul-16-2018,6.3158,639.5,3021,478.3242028,161.1757972
Jul-17-2018,6.3035,638.25,2893,458.9513762,179.2986238
Jul-18-2018,6.3236,636.75,2895,457.8088431,178.9411569
Jul-19-2018,6.334,643.5,2917,460.5304705,182.9695295
Jul-20-2018,6.3325,644,2980,470.5882353,173.4117647
Jul-21-2018,6.3325,644,2980,470.5882353,173.4117647
Jul-22-2018,6.3325,644,2980,470.5882353,173.4117647
Jul-23-2018,6.3609,651.5,2992,470.3736893,181.1263107
Jul-24-2018,6.3519,656,3040,478.5969552,177.4030448
Jul-25-2018,6.3588,657.5,3127,491.7594515,165.7405485
Jul-26-2018,6.3588,662.75,3128,491.9167138,170.8332862
Jul-27-2018,6.3588,664,3131,492.388501,171.611499
Jul-28-2018,6.3639,664,3131,491.9939031,172.0060969
Jul-29-2018,6.3706,664,3131,491.47647,172.52353
Jul-30-2018,6.3584,664,3149,495.2503775,168.7496225
Jul-31-2018,6.3439,657,3172,500.0078816,156.9921184
Aug-01-2018,6.3332,641,3117,492.1682562,148.8317438
Aug-02-2018,6.3332,646.75,3084,486.9576202,159.7923798
Aug-03-2018,6.3332,650.25,3135,495.0104213,155.2395787
Aug-04-2018,6.3359,650.25,3135,494.799476,155.450524
Aug-05-2018,6.3759,650.25,3135,491.6952901,158.5547099
Aug-06-2018,6.3705,655.5,3156,495.4085237,160.0914763
Aug-07-2018,6.3644,658.25,3237,508.6103953,149.6396047
Aug-08-2018,6.3767,646.25,3228,506.2179497,140.0320503
Aug-09-2018,6.3767,644.75,3177,498.2200825,146.5299175
Aug-10-2018,6.3767,650.5,3184,499.317829,151.182171
Aug-11-2018,6.3834,650.5,3184,498.7937463,151.7062537
Aug-12-2018,6.3659,650.5,3184,500.1649413,150.3350587
Aug-13-2018,6.3884,648,3175,496.9945526,151.0054474
Aug-14-2018,6.375,648.25,3190,500.3921569,147.8578431
Aug-15-2018,6.3902,633,3182,497.9499859,135.0500141
Aug-16-2018,6.3902,638.25,3056,478.2322932,160.0177068
Aug-17-2018,6.3902,642.5,3015,471.8162186,170.6837814
Aug-18-2018,6.3979,642.5,3015,471.2483784,171.2516216
Aug-19-2018,6.4161,642.5,3015,469.9116286,172.5883714
Aug-20-2018,6.4174,641.75,3026,471.5305264,170.2194736
Aug-21-2018,6.4095,646,3051,476.0121694,169.9878306
Aug-22-2018,6.4179,657.75,3081,480.0635722,177.6864278
Aug-23-2018,6.4179,661,3121,486.2961405,174.7038595
Aug-24-2018,6.4179,670.75,3135,488.4775394,182.2724606
Aug-25-2018,6.4049,670.75,3135,489.4690003,181.2809997
Aug-26-2018,6.4041,670.75,3135,489.5301448,181.2198552
Aug-27-2018,6.3849,669.25,3151,493.5081207,175.7418793
Aug-28-2018,6.3896,672.75,3145,492.2060849,180.5439151
Aug-29-2018,6.403,673.25,3130,488.8333594,184.4166406
Aug-30-2018,6.403,677.5,3148,491.6445416,185.8554584
Aug-31-2018,6.4067,680,3188,497.6040707,182.3959293
Sep-01-2018,6.3999,680,3188,498.1327833,181.8672167
Sep-02-2018,6.3991,680,3188,498.1950587,181.8049413
Sep-03-2018,6.3959,683.25,3103,485.1545521,198.0954479
Sep-04-2018,6.3979,683.25,3107,485.6280967,197.6219033
Sep-05-2018,6.4378,675.25,3092,480.2882972,194.9617028
Sep-06-2018,6.4378,667.75,3122,484.9482743,182.8017257
Sep-07-2018,6.4378,667.25,3121,484.7929417,182.4570583
Sep-08-2018,6.4378,667.25,3121,484.7929417,182.4570583
Sep-09-2018,6.4801,667.25,3121,481.6283699,185.6216301
Sep-10-2018,6.4712,673.5,3050,471.3190753,202.1809247
Sep-11-2018,6.4899,680,3110,479.2061511,200.7938489
Sep-12-2018,6.5026,687.5,3122,480.115646,207.384354
Sep-13-2018,6.5026,677.25,3113,478.7315843,198.5184157
Sep-14-2018,6.5026,677.5,3116,479.1929382,198.3070618
Sep-15-2018,6.5385,677.5,3116,476.5619026,200.9380974
Sep-16-2018,6.5758,677.5,3116,473.858694,203.641306
Sep-17-2018,6.5991,680,3104,470.3671713,209.6328287
Sep-18-2018,6.6234,682.75,3084,465.621886,217.128114
Sep-19-2018,6.617,685,3115,470.7571407,214.2428593
Sep-20-2018,6.617,682.5,3132,473.3262808,209.1737192
Sep-21-2018,6.617,682.25,3126,472.4195255,209.8304745
Sep-22-2018,6.6631,682.25,3126,469.1509958,213.0990042
Sep-23-2018,6.6397,682.25,3126,470.8044038,211.4455962
Sep-24-2018,6.6289,693,3126,471.5714523,221.4285477
Sep-25-2018,6.634,703.25,3247,489.4482967,213.8017033
Sep-26-2018,6.6395,701.5,3349,504.4054522,197.0945478
Sep-27-2018,6.6395,702.25,3349,504.4054522,197.8445478
Sep-28-2018,6.5758,714,3350,509.4437179,204.5562821
Sep-29-2018,6.6122,714,3350,506.6392426,207.3607574
Sep-30-2018,6.6295,714,3350,505.3171431,208.6828569
Oct-01-2018,6.6763,724,3350,501.7749352,222.2250648
Oct-02-2018,6.6629,732.75,3350,502.784073,229.965927
Oct-03-2018,6.6899,732.75,3350,500.7548693,231.9951307
Oct-04-2018,6.6899,735.75,3350,500.7548693,234.9951307
Oct-05-2018,6.6899,732.25,3350,500.7548693,231.4951307
Oct-06-2018,6.6865,732.25,3350,501.0094967,231.2405033
Oct-07-2018,6.7017,732.25,3350,499.8731665,232.3768335
Oct-08-2018,6.7164,726.25,3443,512.6258114,213.6241886
Oct-09-2018,6.7697,734.25,3453,510.0669158,224.1830842
Oct-10-2018,6.7658,728.75,3454,510.5087351,218.2412649
Oct-11-2018,6.7658,712.5,3365,497.354341,215.145659
Oct-12-2018,6.7658,710.5,3350,495.1373082,215.3626918
Oct-13-2018,6.7926,710.5,3350,493.1837588,217.3162412
Oct-14-2018,6.7911,710.5,3350,493.2926919,217.2073081
Oct-15-2018,6.7657,710.75,3428,506.6733671,204.0766329
Oct-16-2018,6.7864,710.75,3328,490.3925498,220.3574502
Oct-17-2018,6.8096,706.25,3313,486.519032,219.730968
Oct-18-2018,6.8096,705.25,3292,483.4351504,221.8148496
Oct-19-2018,6.8137,704,3284,481.9701484,222.0298516
Oct-20-2018,6.8159,704,3284,481.8145806,222.1854194
Oct-21-2018,6.8127,704,3284,482.0408942,221.9591058
Oct-22-2018,6.8236,704.5,3343,489.9173457,214.5826543
Oct-23-2018,6.8428,692.5,3309,483.5739756,208.9260244
Oct-24-2018,6.8298,688.75,3220,471.4632932,217.2867068
Oct-25-2018,6.8298,693.5,3194,467.6564467,225.8435533
Oct-26-2018,6.8342,695.75,3230,472.6229844,223.1270156
Oct-27-2018,6.8531,695.75,3230,471.3195488,224.4304512
Oct-28-2018,6.8327,695.75,3230,472.7267405,223.0232595
Oct-29-2018,6.8362,696,3243,474.386355,221.613645
Oct-30-2018,6.8181,689.5,3244,475.7923762,213.7076238
Oct-31-2018,6.8455,691.75,3165,462.3475276,229.4024724
Nov-01-2018,6.8455,668.75,3165,462.3475276,206.4024724
Nov-02-2018,6.8472,664.5,3165,462.2327375,202.2672625
Nov-03-2018,6.8909,664.5,3165,459.3013975,205.1986025
Nov-04-2018,6.8855,664.5,3165,459.6616077,204.8383923
Nov-05-2018,6.9339,668.75,3165,456.4530784,212.2969216
Nov-06-2018,6.8825,660.25,3165,459.8619688,200.3880312
Nov-07-2018,6.8776,666.75,3165,460.189601,206.560399
Nov-08-2018,6.8776,665.75,3148,457.7178085,208.0321915
Nov-09-2018,6.8776,653.25,3148,457.7178085,195.5321915
Nov-10-2018,6.8578,653.25,3148,459.0393421,194.2106579
Nov-11-2018,6.8465,653.25,3148,459.7969766,193.4530234
Nov-12-2018,6.8427,661.25,3148,460.0523185,201.1976815
Nov-13-2018,6.8781,635.5,3148,457.684535,177.815465
Nov-14-2018,6.8063,636,2923,429.4550637,206.5449363
Nov-15-2018,6.8063,632.75,3054,448.7019379,184.0480621
Nov-16-2018,6.8016,628.75,2968,436.3679134,192.3820866
Nov-17-2018,6.8143,628.75,2968,435.5546424,193.1953576
Nov-18-2018,6.8052,628.75,2968,436.1370717,192.6129283
Nov-19-2018,6.8197,624.25,2968,435.20976,189.04024
Nov-20-2018,6.8441,606.5,2968,433.6581873,172.8418127
Nov-21-2018,6.8304,604,2876,421.058796,182.941204
Nov-22-2018,6.8304,598.75,2876,421.058796,177.691204
Nov-23-2018,6.8356,575,2768,404.9388496,170.0611504
Nov-24-2018,6.8231,575,2768,405.6807023,169.3192977
Nov-25-2018,6.8435,575,2768,404.4713962,170.5286038
Nov-26-2018,6.831,583,2768,405.2115356,177.7884644
Nov-27-2018,6.8354,579.25,2733,399.8302952,179.4197048
Nov-28-2018,6.8438,570.75,2733,399.3395482,171.4104518
Nov-29-2018,6.8438,569.75,2686,392.4720185,177.2779815
Nov-30-2018,6.8401,559.25,2700,394.7310712,164.5189288
Dec-01-2018,6.8563,559.25,2700,393.7984044,165.4515956
Dec-02-2018,6.8754,559.25,2700,392.7044245,166.5455755
Dec-03-2018,6.8609,575.5,2714,395.5749246,179.9250754
Dec-04-2018,6.8454,584.25,2751,401.8757122,182.3742878
Dec-05-2018,6.8709,587.75,2751,400.3842291,187.3657709
Dec-06-2018,6.8709,562.25,2750,400.2386878,162.0113122
Dec-07-2018,6.8611,590.25,2675,389.8791739,200.3708261
Dec-08-2018,6.8617,590.25,2675,389.8450821,200.4049179
Dec-09-2018,6.8486,590.25,2675,390.5907777,199.6592223
Dec-10-2018,6.8468,574.25,2727,398.2882514,175.9617486
Dec-11-2018,6.8577,572.25,2702,394.0096534,178.2403466
Dec-12-2018,6.8577,576,2709,395.0304038,180.9695962
Dec-13-2018,6.8764,569.25,2709,393.9561398,175.2938602
Dec-14-2018,6.8662,568,2709,394.5413766,173.4586234
Dec-15-2018,6.8774,568,2709,393.8988571,174.1011429
Dec-16-2018,6.8903,568,2709,393.1614008,174.8385992
Dec-17-2018,6.869,563,2549,371.0874945,191.9125055
Dec-18-2018,6.869,543.25,2549,371.0874945,172.1625055
Dec-19-2018,6.8689,548.25,2501,364.1048785,184.1451215
Dec-20-2018,6.8689,533.5,2501,364.1048785,169.3951215
Dec-21-2018,6.8688,528.5,2455,357.4132308,171.0867692
Dec-22-2018,6.8689,528.5,2455,357.4080275,171.0919725
Dec-23-2018,6.8689,528.5,2455,357.4080275,171.0919725
Dec-24-2018,6.8689,527.25,2456,357.5536112,169.6963888
Dec-25-2018,6.9308,527.25,2356,339.9318982,187.3181018
Dec-26-2018,6.9228,517.75,2313,334.1133645,183.6366355
Dec-27-2018,6.9243,520.25,2370,342.2728651,177.9771349
Dec-28-2018,6.8899,510.5,2346,340.4984107,170.0015893
Dec-29-2018,6.9222,510.5,2346,338.9095952,171.5904048
Dec-30-2018,6.9222,510.5,2346,338.9095952,171.5904048
Dec-31-2018,6.9169,524.25,2346,339.169281,185.080719
Jan-01-2019,6.912,524.25,2346,339.4097222,184.8402778
Jan-02-2019,6.9273,532.25,2346,338.660084,193.589916
Jan-03-2019,6.9377,525.5,2357,339.7379535,185.7620465
Jan-04-2019,6.9296,541.25,2413,348.2163473,193.0336527
Jan-05-2019,6.9296,541.25,2413,348.2163473,193.0336527
Jan-06-2019,6.9475,541.25,2413,347.3191796,193.9308204
Jan-07-2019,6.9384,553.25,2453,353.539721,199.710279
Jan-08-2019,6.944,556.5,2431,350.0864055,206.4135945
Jan-09-2019,6.949,571,2489,358.1810332,212.8189668
Jan-10-2019,6.9435,579.25,2512,361.7772017,217.4727983
Jan-11-2019,6.9435,576,2543,366.2418089,209.7581911
Jan-12-2019,6.9619,576,2543,365.2738477,210.7261523
Jan-13-2019,6.9673,576,2543,364.9907425,211.0092575
Jan-14-2019,6.9758,572,2525,361.9656527,210.0343473
Jan-15-2019,6.9234,564.25,2498,360.8053846,203.4446154
Jan-16-2019,6.8909,575.25,2532,367.441118,207.808882
Jan-17-2019,6.8909,571,2516,365.1192152,205.8807848
Jan-18-2019,6.9258,580.75,2556,369.0548384,211.6951616
Jan-19-2019,6.9195,580.75,2556,369.3908519,211.3591481
Jan-20-2019,6.9197,580.75,2556,369.3801754,211.3698246
Jan-21-2019,6.9343,580.25,2604,375.5245663,204.7254337
Jan-22-2019,6.9569,573.25,2590,372.2922566,200.9577434
Jan-23-2019,6.9569,576.25,2603,374.160905,202.089095
Jan-24-2019,6.9637,576,2590,371.9287161,204.0712839
Jan-25-2019,6.9561,578,2595,373.0538664,204.9461336
Jan-26-2019,6.9505,578,2595,373.3544349,204.6455651
Jan-27-2019,6.9391,578,2595,373.9678056,204.0321944
Jan-28-2019,6.938,565.5,2576,371.2885558,194.2114442
Jan-29-2019,6.938,579.5,2576,371.2885558,208.2114442
Jan-30-2019,6.942,584.75,2573,370.6424661,214.1075339
Jan-31-2019,6.9457,587.25,2608,375.4841125,211.7658875
Feb-01-2019,6.9273,583.25,2608,376.4814574,206.7685426
Feb-02-2019,6.9321,583.25,2608,376.22077,207.02923
Feb-03-2019,6.9485,583.25,2608,375.3328056,207.9171944
Feb-04-2019,6.9485,584.75,2608,375.3328056,209.4171944
Feb-05-2019,6.9408,584.5,2608,375.7491932,208.7508068
Feb-06-2019,6.9517,587.25,2608,375.1600328,212.0899672
Feb-07-2019,6.9539,579,2608,375.0413437,203.9586563
Feb-08-2019,6.9429,583.75,2608,375.6355413,208.1144587
Feb-09-2019,6.959,583.75,2608,374.7664894,208.9835106
Feb-10-2019,6.959,583.75,2608,374.7664894,208.9835106
Feb-11-2019,6.8834,579.25,2588,375.9769881,203.2730119
Feb-12-2019,6.837,586.75,2663,389.498318,197.251682
Feb-13-2019,6.8568,596,2725,397.4157041,198.5842959
Feb-14-2019,6.8828,599.25,2747,399.110827,200.139173
Feb-15-2019,6.8744,615.75,2765,402.2169207,213.5330793
Feb-16-2019,6.8744,615.75,2765,402.2169207,213.5330793
Feb-17-2019,6.9127,615.75,2765,399.9884271,215.7615729
Feb-18-2019,6.8995,620.25,2813,407.7107037,212.5392963
Feb-19-2019,6.8799,614.75,2770,402.6221311,212.1278689
Feb-20-2019,6.8817,620.5,2770,402.51682,217.98318
Feb-21-2019,6.9076,623.25,2797,404.916324,218.333676
Feb-22-2019,6.9076,623,2797,404.916324,218.083676
Feb-23-2019,6.8972,623,2797,405.5268805,217.4731195
Feb-24-2019,6.8951,623,2797,405.6503894,217.3496106
Feb-25-2019,6.8912,608,2797,405.8799629,202.1200371
Feb-26-2019,6.8852,614.5,2718,394.7597746,219.7402254
Feb-27-2019,6.9064,621.5,2752,398.4709834,223.0290166
Feb-28-2019,6.9064,619.75,2752,398.4709834,221.2790166
Mar-01-2019,6.8991,611.5,2805,406.5747706,204.9252294
Mar-02-2019,6.8993,611.5,2805,406.5629847,204.9370153
Mar-03-2019,6.8991,611.5,2805,406.5747706,204.9252294
Mar-04-2019,6.8663,618,2800,407.7887654,210.2112346
Mar-05-2019,6.8782,617.75,2800,407.0832485,210.6667515
Mar-06-2019,6.8782,615.5,2783,404.6116717,210.8883283
Mar-07-2019,6.8785,615.75,2783,404.5940249,211.1559751
Mar-08-2019,6.8785,604.5,2780,404.1578833,200.3421167
Mar-09-2019,6.8621,604.5,2780,405.1237959,199.3762041
Mar-10-2019,6.872,604.5,2780,404.540163,199.959837
Mar-11-2019,6.8694,615.25,2780,404.6932774,210.5567226
Mar-12-2019,6.8694,614.75,2780,404.6932774,210.0567226
Mar-13-2019,6.851,617.75,2826,412.4945263,205.2554737
Mar-14-2019,6.8532,618.75,2858,417.0314598,201.7185402
Mar-15-2019,6.818,615.5,2802,410.9709592,204.5290408
Mar-16-2019,6.7885,615.5,2802,412.7568682,202.7431318
Mar-17-2019,6.7627,615.5,2802,414.331554,201.168446
Mar-18-2019,6.7627,615.75,2802,414.331554,201.418446
Mar-19-2019,6.7681,618.5,2789,412.0801998,206.4198002
Mar-20-2019,6.761,627.75,2789,412.5129419,215.2370581
Mar-21-2019,6.7575,621.25,2789,412.7266001,208.5233999
Mar-22-2019,6.7762,608.5,2789,411.5876155,196.9123845
Mar-23-2019,6.7788,608.5,2789,411.4297516,197.0702484
Mar-24-2019,6.7788,608.5,2789,411.4297516,197.0702484
Mar-25-2019,6.7983,616.25,2789,410.2496212,206.0003788
Mar-26-2019,6.8079,618.25,2789,409.6711174,208.5788826
Mar-27-2019,6.7919,618.5,2789,410.636199,207.863801
Mar-28-2019,6.7886,611,2789,410.835813,200.164187
Mar-29-2019,6.7487,616.75,2750,407.4858862,209.2641138
Mar-30-2019,6.7487,616.75,2750,407.4858862,209.2641138
Mar-31-2019,6.7452,616.75,2750,407.6973255,209.0526745
Apr-01-2019,6.7329,619.75,2750,408.4421275,211.3078725
Apr-02-2019,6.7165,625.75,2835,422.0948411,203.6551589
Apr-03-2019,6.7008,623.5,2826,421.7406877,201.7593123
Apr-04-2019,6.7449,627.25,2838,420.7623538,206.4876462
Apr-05-2019,6.7449,629,2838,420.7623538,208.2376462
Apr-06-2019,6.7448,629,2838,420.7685921,208.2314079
Apr-07-2019,6.7448,629,2838,420.7685921,208.2314079
Apr-08-2019,6.7448,637,2826,418.9894437,218.0105563
Apr-09-2019,6.7448,635.75,2854,423.1407899,212.6092101
Apr-10-2019,6.7448,640,2804,415.7276717,224.2723283
Apr-11-2019,6.7448,642.25,2816,417.5068201,224.7431799
Apr-12-2019,6.7924,642.75,2823,415.6115659,227.1384341
Apr-13-2019,6.7738,642.75,2823,416.7527828,225.9972172
Apr-14-2019,6.7603,642.75,2823,417.5850184,225.1649816
Apr-15-2019,6.7722,638.75,2823,416.8512448,221.8987552
Apr-16-2019,6.7731,640.25,2801,413.5477108,226.7022892
Apr-17-2019,6.7731,643.25,2803,413.8429966,229.4070034
Apr-18-2019,6.7667,643.25,2772,409.6531544,233.5968456
Apr-19-2019,6.7585,643.25,2720,402.4561663,240.7938337
Apr-20-2019,6.7207,643.25,2720,404.7197465,238.5302535
Apr-21-2019,6.7223,643.25,2720,404.6234176,238.6265824
Apr-22-2019,6.7142,656.5,2862,426.2607608,230.2392392
Apr-23-2019,6.7142,656.75,2856,425.3671323,231.3828677
Apr-24-2019,6.6894,653.75,2852,426.3461596,227.4038404
Apr-25-2019,6.7002,655,2927,436.8526313,218.1473687
Apr-26-2019,6.6872,632,2915,435.9074052,196.0925948
Apr-27-2019,6.6937,632,2915,435.4841119,196.5158881
Apr-28-2019,6.7064,632,2915,434.6594298,197.3405702
Apr-29-2019,6.7064,638,2851,425.1163068,212.8836932
Apr-30-2019,6.7071,643.75,2851,425.0719387,218.6780613
May-01-2019,6.7074,642,2851,425.0529266,216.9470734
May-02-2019,6.7115,634.5,2851,424.7932653,209.7067347
May-03-2019,6.7151,643,2851,424.5655314,218.4344686
May-04-2019,6.7216,643,2851,424.1549631,218.8450369
May-05-2019,6.7216,643,2851,424.1549631,218.8450369
May-06-2019,6.7264,637.5,2723,404.8227878,232.6772122
May-07-2019,6.7086,632,2778,414.0953403,217.9046597
May-08-2019,6.707,637,2745,409.2738929,227.7261071
May-09-2019,6.7229,629.75,2785,414.2557527,215.4942473
May-10-2019,6.7135,635.75,2797,416.6232219,219.1267781
May-11-2019,6.7135,635.75,2797,416.6232219,219.1267781
May-12-2019,6.713,635.75,2797,416.6542529,219.0957471
May-13-2019,6.7119,637.75,2795,416.4245594,221.3254406
May-14-2019,6.6945,636.5,2847,425.274479,211.225521
May-15-2019,6.6984,647.25,2783,415.4723516,231.7776484
May-16-2019,6.7181,658,2810,418.2730236,239.7269764
May-17-2019,6.7181,651.5,2852,424.5247912,226.9752088
May-18-2019,6.7094,651.5,2852,425.0752675,226.4247325
May-19-2019,6.7157,651.5,2852,424.6765043,226.8234957
May-20-2019,6.7271,648.5,2909,432.4300219,216.0699781
May-21-2019,6.739,644.25,2850,422.9114112,221.3385888
May-22-2019,6.7121,633.75,2828,421.3286453,212.4213547
May-23-2019,6.7121,609,2777,413.7304271,195.2695729
May-24-2019,6.7115,606,2675,398.5696193,207.4303807
May-25-2019,6.7233,606,2675,397.8700936,208.1299064
May-26-2019,6.7114,606,2675,398.575558,207.424442
May-27-2019,6.7174,620.5,2690,400.452556,220.047444
May-28-2019,6.7179,619.25,2688,400.1250391,219.1249609
May-29-2019,6.7179,608.5,2698,401.6135995,206.8864005
May-30-2019,6.7164,600.5,2698,401.7032934,198.7967066
May-31-2019,6.7118,580.25,2641,393.4860991,186.7639009
Jun-01-2019,6.716,580.25,2641,393.2400238,187.0099762
Jun-02-2019,6.7195,580.25,2641,393.0351961,187.2148039
Jun-03-2019,6.7042,566,2509,374.2430118,191.7569882
Jun-04-2019,6.7042,565.5,2504,373.4972107,192.0027893
Jun-05-2019,6.7087,548.25,2508,373.8429204,174.4070796
Jun-06-2019,6.7122,548.5,2478,369.1785108,179.3214892
Jun-07-2019,6.6882,565.25,2478,370.5032744,194.7467256
Jun-08-2019,6.7091,565.25,2478,369.349093,195.900907
Jun-09-2019,6.7044,565.25,2478,369.6080186,195.6419814
Jun-10-2019,6.7044,567,2544,379.4523,187.5477
Jun-11-2019,6.7092,565.5,2564,382.1618077,183.3381923
Jun-12-2019,6.7259,556.5,2550,379.1314174,177.3685826
Jun-13-2019,6.7219,562.5,2461,366.116723,196.383277
Jun-14-2019,6.7431,567.75,2445,362.5928727,205.1571273
Jun-15-2019,6.7297,567.75,2445,363.314858,204.435142
Jun-16-2019,6.7297,567.75,2445,363.314858,204.435142
Jun-17-2019,6.7336,562.5,2453,364.2925033,198.2074967
Jun-18-2019,6.7348,567.5,2427,360.3670488,207.1329512
Jun-19-2019,6.735,565,2427,360.3563474,204.6436526
Jun-20-2019,6.7347,584,2483,368.6875436,215.3124564
Jun-21-2019,6.7346,591.5,2561,380.2749978,211.2250022
Jun-22-2019,6.7346,591.5,2561,380.2749978,211.2250022
Jun-23-2019,6.7646,591.5,2561,378.5885344,212.9114656
Jun-24-2019,6.7769,585,2602,383.9513642,201.0486358
Jun-25-2019,6.783,594.25,2606,384.1957836,210.0542164
Jun-26-2019,6.8275,603.75,2634,385.7927499,217.9572501
Jun-27-2019,6.8241,599.5,2695,394.9238727,204.5761273
Jun-28-2019,6.8241,600.5,2727,399.6131358,200.8868642
Jun-29-2019,6.8783,600.5,2727,396.4642426,204.0357574
Jun-30-2019,6.8759,600.5,2727,396.6026266,203.8973734
Jul-01-2019,6.8762,596.25,2837,412.582531,183.667469
Jul-02-2019,6.8838,582.75,2768,402.1034894,180.6465106
Jul-03-2019,6.9186,579.75,2768,400.0809412,179.6690588
Jul-04-2019,6.9186,580.75,2721,393.2876594,187.4623406
Jul-05-2019,6.9123,582.5,2779,402.0369486,180.4630514
Jul-06-2019,6.9023,582.5,2779,402.6194167,179.8805833
Jul-07-2019,6.9064,582.5,2779,402.3804008,180.1195992
Jul-08-2019,6.9105,586,2859,413.7182548,172.2817452
Jul-09-2019,6.9002,583,2848,412.7416597,170.2583403
Jul-10-2019,6.9002,601.25,2858,414.190893,187.059107
Jul-11-2019,6.8981,611,3017,437.3668112,173.6331888
Jul-12-2019,6.9102,607.75,3066,443.6919337,164.0580663
Jul-13-2019,6.9143,607.75,3066,443.4288359,164.3211641
Jul-14-2019,6.9019,607.75,3066,444.2255031,163.5244969
Jul-15-2019,6.9051,603.5,3001,434.6063055,168.8936945
Jul-16-2019,6.9051,602.75,2956,428.0893832,174.6606168
Jul-17-2019,6.9038,585.5,2832,410.2088705,175.2911295
Jul-18-2019,6.9083,571.25,2822,408.4941302,162.7558698
Jul-19-2019,6.9091,577.75,2819,408.012621,169.737379
Jul-20-2019,6.9099,577.75,2819,407.965383,169.784617
Jul-21-2019,6.9098,577.75,2819,407.9712872,169.7787128
Jul-22-2019,6.9098,587,2824,408.6948971,178.3051029
Jul-23-2019,6.931,587.25,2778,400.8079642,186.4420358
Jul-24-2019,6.9114,594.75,2773,401.2211708,193.5288292
Jul-25-2019,6.9179,590.5,2770,400.4105292,190.0894708
Jul-26-2019,6.9217,586,2801,404.6693731,181.3306269
Jul-27-2019,6.9254,586,2801,404.4531724,181.5468276
Jul-28-2019,6.9254,586,2801,404.4531724,181.5468276
Jul-29-2019,6.9258,589,2826,408.0395045,180.9604955
Jul-30-2019,6.9033,594.25,2864,414.8740457,179.3759543
Jul-31-2019,6.9036,603.75,2896,419.4912799,184.2587201
Aug-01-2019,6.8519,588,2919,426.0132226,161.9867774
Aug-02-2019,6.8699,579.5,2830,411.9419497,167.5580503
Aug-03-2019,6.8699,579.5,2830,411.9419497,167.5580503
Aug-04-2019,6.877,579.5,2830,411.5166497,167.9833503
Aug-05-2019,6.8798,566.75,2801,407.1339283,159.6160717
Aug-06-2019,6.8801,561.25,2736,397.6686385,163.5813615
Aug-07-2019,6.8771,536.25,2653,385.773073,150.476927
Aug-08-2019,6.8668,544.5,2538,369.6044737,174.8955263
Aug-09-2019,6.8668,556.5,2479,361.0124075,195.4875925
Aug-10-2019,6.8731,556.5,2479,360.6814974,195.8185026
Aug-11-2019,6.8812,556.5,2479,360.2569319,196.2430681
Aug-12-2019,6.8716,557,2491,362.5065487,194.4934513
Aug-13-2019,6.8936,576,2512,364.3959615,211.6040385
Aug-14-2019,6.8936,561,2609,378.4669839,182.5330161
Aug-15-2019,6.8818,560,2617,380.2784155,179.7215845
Aug-16-2019,6.8892,559.5,2613,379.2893224,180.2106776
Aug-17-2019,6.8732,559.5,2613,380.1722633,179.3277367
Aug-18-2019,6.8702,559.5,2613,380.3382725,179.1617275
Aug-19-2019,6.8808,561,2623,381.2056738,179.7943262
Aug-20-2019,6.8808,563.5,2647,384.6936403,178.8063597
Aug-21-2019,6.8779,572,2595,377.2953954,194.7046046
Aug-22-2019,6.8763,565,2605,378.8374562,186.1625438
Aug-23-2019,6.8737,556,2610,379.708163,176.291837
Aug-24-2019,6.8801,556,2610,379.3549512,176.6450488
Aug-25-2019,6.8819,556,2610,379.2557288,176.7442712
Aug-26-2019,6.8819,558,2598,377.5120243,180.4879757
Aug-27-2019,6.8811,553.5,2622,381.0437285,172.4562715
Aug-28-2019,6.8793,569.5,2619,380.7073394,188.7926606
Aug-29-2019,6.8725,571.75,2615,380.5020007,191.2479993
Aug-30-2019,6.8726,561,2607,379.3324215,181.6675785
Aug-31-2019,6.8792,561,2607,378.9684847,182.0315153
Sep-01-2019,6.8792,561,2607,378.9684847,182.0315153
Sep-02-2019,6.8934,555.5,2598,376.8822352,178.6177648
Sep-03-2019,6.8845,551,2617,380.1292759,170.8707241
Sep-04-2019,6.8844,574,2597,377.2296787,196.7703213
Sep-05-2019,6.8987,586.25,2611,378.4771044,207.7728956
Sep-06-2019,6.9402,575.5,2595,373.9085329,201.5914671
Sep-07-2019,6.9402,575.5,2595,373.9085329,201.5914671
Sep-08-2019,7.0508,575.5,2595,368.0433426,207.4566574
Sep-09-2019,7.0265,592.25,2591,368.7468868,223.5031132
Sep-10-2019,7.0601,600.75,2591,366.991969,233.758031
Sep-11-2019,7.0453,589.5,2539,360.3820987,229.1179013
Sep-12-2019,7.0624,589.5,2535,358.9431355,230.5568645
Sep-13-2019,7.0624,577,2535,358.9431355,218.0568645
Sep-14-2019,7.0582,577,2535,359.1567255,217.8432745
Sep-15-2019,7.0435,577,2535,359.9062966,217.0937034
Sep-16-2019,7.0245,637.25,2713,386.2196598,251.0303402
Sep-17-2019,7.034,615.75,2756,391.8112027,223.9387973
Sep-18-2019,7.0429,606.25,2608,370.3020063,235.9479937
Sep-19-2019,7.0429,610.75,2742,389.3282597,221.4217403
Sep-20-2019,7.0508,612.75,2731,387.331934,225.418066
Sep-21-2019,7.0606,612.75,2731,386.7943234,225.9556766
Sep-22-2019,7.0633,612.75,2731,386.6464684,226.1035316
Sep-23-2019,7.0837,608.75,2729,385.2506458,223.4993542
Sep-24-2019,7.096,603,2347,330.7497182,272.2502818
Sep-25-2019,7.096,593.25,2280,321.307779,271.942221
Sep-26-2019,7.1513,590,2252,314.907779,275.092221
Sep-27-2019,7.1623,597.75,2248,313.8656577,283.8843423
Sep-28-2019,7.1653,597.75,2248,313.734247,284.015753
Sep-29-2019,7.1445,597.75,2248,314.647631,283.102369
Sep-30-2019,7.1567,586.5,2231,311.7358559,274.7641441
Oct-01-2019,7.1567,583,2231,311.7358559,271.2641441
Oct-02-2019,7.172,560.75,2231,311.070831,249.679169
Oct-03-2019,7.179,557,2231,310.7675164,246.2324836
Oct-04-2019,7.1461,567,2231,312.198262,254.801738
Oct-05-2019,7.1487,567,2231,312.0847147,254.9152853
Oct-06-2019,7.1157,567,2231,313.5320488,253.4679512
Oct-07-2019,7.1157,575,2231,313.5320488,261.4679512
Oct-08-2019,7.122,566.5,2185,306.7958439,259.7041561
Oct-09-2019,7.1127,586,2191,308.0405472,277.9594528
Oct-10-2019,7.1168,571.5,2196,308.5656475,262.9343525
Oct-11-2019,7.0794,588,2212,312.4558578,275.5441422
Oct-12-2019,7.0795,588,2212,312.4514443,275.5485557
Oct-13-2019,7.0795,588,2212,312.4514443,275.5485557
Oct-14-2019,7.0673,572.5,2214,313.2738104,259.2261896
Oct-15-2019,7.0919,577,2171,306.1238878,270.8761122
Oct-16-2019,7.086,579.75,2157,304.4030483,275.3469517
Oct-17-2019,7.0966,576.25,2142,301.8346814,274.4153186
Oct-18-2019,7.0916,581.25,2137,301.3424333,279.9075667
Oct-19-2019,7.0916,581.25,2137,301.3424333,279.9075667
Oct-20-2019,7.1185,581.25,2137,300.2036946,281.0463054
Oct-21-2019,7.1165,574.25,2124,298.4613223,275.7886777
Oct-22-2019,7.1317,585,2104,295.0208225,289.9791775
Oct-23-2019,7.1326,583.75,2108,295.5444018,288.2055982
Oct-24-2019,7.1228,592.25,2117,297.2145785,295.0354215
Oct-25-2019,7.1228,592.25,2121,297.7761554,294.4738446
Oct-26-2019,7.1484,592.25,2121,296.7097532,295.5402468
Oct-27-2019,7.1484,592.25,2121,296.7097532,295.5402468
Oct-28-2019,7.1485,587.5,2107,294.7471498,292.7528502
Oct-29-2019,7.1484,587.25,2104,294.3315987,292.9184013
Oct-30-2019,7.1485,577.5,2092,292.6488074,284.8511926
Oct-31-2019,7.1485,563.5,2104,294.3274813,269.1725187
Nov-01-2019,7.1484,574.5,2097,293.3523586,281.1476414
Nov-02-2019,7.1444,574.5,2097,293.5166004,280.9833996
Nov-03-2019,7.1324,574.5,2097,294.0104313,280.4895687
Nov-04-2019,7.1164,590.75,2122,298.1844753,292.5655247
Nov-05-2019,7.0882,587.5,2137,301.4869784,286.0130216
Nov-06-2019,7.0882,584.25,2107,297.2545921,286.9954079
Nov-07-2019,7.0676,580.75,2067,292.461373,288.288627
Nov-08-2019,7.0818,573.25,2045,288.7683922,284.4816078
Nov-09-2019,7.0937,573.25,2045,288.2839703,284.9660297
Nov-10-2019,7.0773,573.25,2045,288.9520015,284.2979985
Nov-11-2019,7.0817,580,1977,279.1702557,300.8297443
Nov-12-2019,7.0817,575,1927,272.1098041,302.8901959
Nov-13-2019,7.0763,575.25,1902,268.7845343,306.4654657
Nov-14-2019,7.0772,580.75,1854,261.9680099,318.7819901
Nov-15-2019,7.0656,587.25,1785,252.6324728,334.6175272
Nov-16-2019,7.0691,587.25,1785,252.5073913,334.7426087
Nov-17-2019,7.0657,587.25,1785,252.6288973,334.6211027
Nov-18-2019,7.0657,571.75,1748,247.392332,324.357668
Nov-19-2019,7.0679,567.5,1773,250.8524456,316.6475544
Nov-20-2019,7.0658,573.75,1745,246.9642503,326.7857497
Nov-21-2019,7.0554,579,1774,251.4386144,327.5613856
Nov-22-2019,7.0387,581.75,1826,259.4229048,322.3270952
Nov-23-2019,7.0374,581.75,1826,259.4708273,322.2791727
Nov-24-2019,7.0374,581.75,1826,259.4708273,322.2791727
Nov-25-2019,7.0304,582.75,1837,261.2938097,321.4561903
Nov-26-2019,7.0097,589.25,1833,261.4947858,327.7552142
Nov-27-2019,6.9982,587.25,1833,261.9244949,325.3255051
Nov-28-2019,6.9784,585.75,1836,263.0975582,322.6524418
Nov-29-2019,6.996,571.75,1824,260.7204117,311.0295883
Nov-30-2019,6.996,571.75,1824,260.7204117,311.0295883
Dec-01-2019,7.0105,571.75,1824,260.1811568,311.5688432
Dec-02-2019,7.0079,574.75,1797,256.4248919,318.3251081
Dec-03-2019,7.0236,570,1783,253.8584202,316.1415798
Dec-04-2019,7.0208,579.5,1805,257.0932088,322.4067912
Dec-05-2019,7.0084,584.25,1854,264.5396952,319.7103048
Dec-06-2019,7.0084,587.75,1902,271.3886194,316.3613806
Dec-07-2019,7.026,587.75,1902,270.7087959,317.0412041
Dec-08-2019,7.0276,587.75,1902,270.6471626,317.1028374
Dec-09-2019,7.036,586.75,1926,273.7350767,313.0149233
Dec-10-2019,7.0292,590.75,1945,276.7028965,314.0471035
Dec-11-2019,7.0392,579.75,2001,284.2652574,295.4847426
Dec-12-2019,7.0392,587,2045,290.5159677,296.4840323
Dec-13-2019,7.0364,595.25,2030,288.499801,306.750199
Dec-14-2019,7.0335,595.25,2030,288.6187531,306.6312469
Dec-15-2019,7.029,595.25,2030,288.8035282,306.4464718
Dec-16-2019,7.0353,606.75,2022,287.4077864,319.3422136
Dec-17-2019,7.0326,613.5,2035,289.3666638,324.1333362
Dec-18-2019,7.0326,609.75,2027,288.2291045,321.5208955
Dec-19-2019,7.0394,614.25,2050,291.2180015,323.0319985
Dec-20-2019,7.0612,613,2095,296.6917804,316.3082196
Dec-21-2019,7.0503,613,2095,297.1504759,315.8495241
Dec-22-2019,7.0448,613,2095,297.3824665,315.6175335
Dec-23-2019,7.0353,612.25,2130,302.7589442,309.4910558
Dec-24-2019,7.0353,615,2142,304.4646284,310.5353716
Dec-25-2019,7.0393,615,2139,303.8654412,311.1345588
Dec-26-2019,7.0343,622.5,2143,304.6500718,317.8499282
Dec-27-2019,7.0388,625.25,2145,304.7394442,320.5105558
Dec-28-2019,7.0206,625.25,2145,305.5294419,319.7205581
Dec-29-2019,6.9729,625.25,2145,307.6194983,317.6305017
Dec-30-2019,6.9729,622.5,2166,310.6311578,311.8688422
Dec-31-2019,6.9825,613.75,2173,311.2065879,302.5434121
Jan-01-2020,6.9971,613.75,2173,310.5572309,303.1927691
Jan-02-2020,7.0049,615.25,2149,306.7852503,308.4647497
Jan-03-2020,7.0103,625.5,2196,313.2533558,312.2466442
Jan-04-2020,7.0067,625.5,2196,313.4143035,312.0856965
Jan-05-2020,7.0067,625.5,2196,313.4143035,312.0856965
Jan-06-2020,7.0127,621,2316,330.2579606,290.7420394
Jan-07-2020,7.0074,618.5,2349,335.2170563,283.2829437
Jan-08-2020,6.9893,608,2430,347.6743021,260.3256979
Jan-09-2020,6.9973,595,2359,337.1300359,257.8699641
Jan-10-2020,6.9958,593.75,2349,335.7728923,257.9771077
Jan-11-2020,6.9958,593.75,2349,335.7728923,257.9771077
Jan-12-2020,6.9868,593.75,2349,336.2054159,257.5445841
Jan-13-2020,6.9633,577,2382,342.0791866,234.9208134
Jan-14-2020,6.9632,579.5,2345,336.7704504,242.7295496
Jan-15-2020,6.9643,575.75,2277,326.9531755,248.7968245
Jan-16-2020,6.9655,576,2240,321.5849544,254.4150456
Jan-17-2020,6.9655,568.75,2291,328.9067547,239.8432453
Jan-18-2020,6.976,568.75,2291,328.4116972,240.3383028
Jan-19-2020,6.9452,568.75,2291,329.8681103,238.8818897
Jan-20-2020,6.9463,576.75,2324,334.5666038,242.1833962
Jan-21-2020,6.9526,570.5,2312,332.537468,237.962532
Jan-22-2020,6.9197,554,2318,334.9856208,219.0143792
Jan-23-2020,6.9197,547.25,2288,330.6501727,216.5998273
Jan-24-2020,6.8937,537.75,2288,331.8972395,205.8527605
Jan-25-2020,6.9012,537.75,2288,331.5365444,206.2134556
Jan-26-2020,6.8908,537.75,2288,332.0369188,205.7130812
Jan-27-2020,6.8788,513.75,2288,332.616154,181.133846
Jan-28-2020,6.8597,526.25,2288,333.5422832,192.7077168
Jan-29-2020,6.8597,524.5,2288,333.5422832,190.9577168
Jan-30-2020,6.8669,510.5,2288,333.1925614,177.3074386
Jan-31-2020,6.9054,502.5,2288,331.3348973,171.1651027
Feb-01-2020,6.9068,502.5,2288,331.2677361,171.2322639
Feb-02-2020,6.9367,502.5,2288,329.8398374,172.6601626
Feb-03-2020,6.9367,484.75,2072,298.7011115,186.0488885
Feb-04-2020,6.9367,492.75,2011,289.9073046,202.8426954
Feb-05-2020,6.9367,507.25,2060,296.9711823,210.2788177
Feb-06-2020,6.9367,508.25,2112,304.4675422,203.7824578
Feb-07-2020,6.9368,506,2121,305.7605812,200.2394188
Feb-08-2020,6.9367,506,2121,305.7649891,200.2350109
Feb-09-2020,6.9367,506,2121,305.7649891,200.2350109
Feb-10-2020,6.9367,493.25,2114,304.7558637,188.4941363
Feb-11-2020,7.0215,495.25,2121,302.0722068,193.1777932
Feb-12-2020,6.9984,508,2163,309.0706447,198.9293553
Feb-13-2020,6.9737,512.5,2202,315.7577756,196.7422244
Feb-14-2020,6.9706,514.5,2200,315.6112817,198.8887183
Feb-15-2020,7.0016,514.5,2200,314.213894,200.286106
Feb-16-2020,7.0016,514.5,2200,314.213894,200.286106
Feb-17-2020,6.9845,510.25,2229,319.135228,191.114772
Feb-18-2020,6.9659,504,2223,319.1260282,184.8739718
Feb-19-2020,6.9719,517,2253,323.1543769,193.8456231
Feb-20-2020,6.9774,519,2326,333.3619973,185.6380027
Feb-21-2020,6.9871,508.5,2301,329.3211776,179.1788224
Feb-22-2020,6.9871,508.5,2301,329.3211776,179.1788224
Feb-23-2020,6.9804,508.5,2301,329.6372701,178.8627299
Feb-24-2020,6.9973,485.5,2206,315.2644591,170.2355409
Feb-25-2020,6.9983,485.75,2182,311.7900061,173.9599939
Feb-26-2020,7.0234,466.75,2139,304.5533502,162.1966498
Feb-27-2020,7.0272,444,2035,289.5890255,154.4109745
Feb-28-2020,7.0272,439.5,1966,279.7700364,159.7299636
Feb-29-2020,7.0293,439.5,1966,279.6864553,159.8135447
Mar-01-2020,7.0374,439.5,1966,279.364538,160.135462
Mar-02-2020,7.0409,453,2030,288.3154142,164.6845858
Mar-03-2020,7.0046,458.5,2083,297.3760101,161.1239899
Mar-04-2020,6.9919,460.75,2071,296.1998884,164.5501116
Mar-05-2020,6.9919,455.25,2073,296.4859337,158.7640663
Mar-06-2020,7.0008,413,2013,287.538567,125.461433
Mar-07-2020,6.9621,413,2013,289.1368983,123.8631017
Mar-08-2020,6.9665,413,2013,288.9542812,124.0457188
Mar-09-2020,6.9367,358,1851,266.8415817,91.1584183
Mar-10-2020,6.932,367.25,1689,243.6526255,123.5973745
Mar-11-2020,6.932,372.5,1693,244.2296595,128.2703405
Mar-12-2020,6.9465,337.25,1593,229.3241201,107.9258799
Mar-13-2020,6.9566,336.5,1540,221.3725096,115.1274904
Mar-14-2020,6.9605,336.5,1540,221.2484735,115.2515265
Mar-15-2020,7.0296,336.5,1540,219.0736315,117.4263685
Mar-16-2020,7.0082,306.25,1538,219.4572073,86.7927927
Mar-17-2020,7.0082,300,1530,218.3156873,81.6843127
Mar-18-2020,6.9938,271.25,1493,213.474792,57.775208
Mar-19-2020,7.0072,291.75,1381,197.0830003,94.6669997
Mar-20-2020,7.0475,303.75,1443,204.7534587,98.9965413
Mar-21-2020,7.1086,303.75,1443,202.9935571,100.7564429
Mar-22-2020,7.0958,303.75,1443,203.3597339,100.3902661
Mar-23-2020,7.0958,289.75,1401,197.4407396,92.3092604
Mar-24-2020,7.092,306.75,1475,207.9808235,98.7691765
Mar-25-2020,7.0631,309.25,1506,213.2208237,96.0291763
Mar-26-2020,7.1144,306.5,1473,207.0448667,99.4551333
Mar-27-2020,7.0739,301.75,1451,205.1202307,96.6297693
Mar-28-2020,7.0964,301.75,1451,204.469872,97.280128
Mar-29-2020,7.0964,301.75,1451,204.469872,97.280128
Mar-30-2020,7.1003,287,1387,195.3438587,91.6561413
Mar-31-2020,7.0824,294.75,1461,206.2860047,88.4639953
Apr-01-2020,7.1003,275.5,1451,204.3575624,71.1424376
Apr-02-2020,7.0842,283.25,1506,212.5857542,70.6642458
Apr-03-2020,7.0923,304,1529,215.5859171,88.4140829
Apr-04-2020,7.0923,304,1529,215.5859171,88.4140829
Apr-05-2020,7.0923,304,1529,215.5859171,88.4140829
